Time Stamp,ID,Extended,Dir,DLC,D1,D2,D3,D4,D5,D6,D7,D8
2.893600,0x065,0,0,1,0x00,0x00,0x00,0x00,0x00,0x00,0x00,0x00
2.894950,0x06F,0,0,8,0x69,0x44,0xAF,0x3A,0x13,0x46,0x91,0x8D
3.091850,0x065,0,0,1,0x00,0x00,0x00,0x00,0x00,0x00,0x00,0x00
3.092850,0x06F,0,0,8,0x6F,0xFC,0xEE,0xB8,0x57,0xF2,0x8E,0x9B
3.293600,0x065,0,0,1,0x00,0x00,0x00,0x00,0x00,0x00,0x00,0x00
3.294900,0x06F,0,0,8,0x59,0x8C,0xEE,0xB9,0x39,0x22,0xF3,0x87
3.485850,0x065,0,0,1,0x00,0x00,0x00,0x00,0x00,0x00,0x00,0x00
3.486850,0x06F,0,0,8,0x53,0xA4,0x8E,0x3A,0xE8,0x01,0xD2,0x8F
3.683850,0x065,0,0,1,0x00,0x00,0x00,0x00,0x00,0x00,0x00,0x00
3.684850,0x06F,0,0,8,0x4F,0x44,0xAE,0xBB,0xEE,0x39,0xEF,0xA4
3.881350,0x06F,0,0,8,0x31,0xDC,0x2D,0x3B,0x54,0x12,0xD3,0x94
3.882000,0x065,0,0,1,0x00,0x00,0x00,0x00,0x00,0x00,0x00,0x00
4.079850,0x065,0,0,1,0x00,0x00,0x00,0x00,0x00,0x00,0x00,0x00
4.080800,0x06F,0,0,8,0x3B,0xAC,0xAD,0xBF,0x7C,0x62,0x14,0x82
4.277850,0x065,0,0,1,0x00,0x00,0x00,0x00,0x00,0x00,0x00,0x00
4.278800,0x06F,0,0,8,0x3B,0xA4,0x4D,0x40,0x70,0xDA,0x34,0x7B
4.475850,0x065,0,0,1,0x00,0x00,0x00,0x00,0x00,0x00,0x00,0x00
4.476800,0x06F,0,0,8,0x45,0xA4,0x6D,0x42,0x11,0x82,0xF2,0x81
4.673850,0x065,0,0,1,0x00,0x00,0x00,0x00,0x00,0x00,0x00,0x00
4.674800,0x06F,0,0,8,0x37,0xEC,0x4D,0xC2,0x21,0x6A,0x71,0x87
4.871850,0x065,0,0,1,0x00,0x00,0x00,0x00,0x00,0x00,0x00,0x00
4.872950,0x06F,0,0,8,0x23,0xB4,0x6D,0x42,0xDD,0x81,0x70,0x8E
5.069350,0x06F,0,0,8,0x0F,0x74,0x2D,0x42,0x08,0xCE,0xD1,0x84
5.070000,0x065,0,0,1,0x00,0x00,0x00,0x00,0x00,0x00,0x00,0x00
5.267350,0x06F,0,0,8,0x07,0xAC,0xED,0xC2,0xF7,0xA9,0x72,0x81
5.268000,0x065,0,0,1,0x00,0x00,0x00,0x00,0x00,0x00,0x00,0x00
5.465850,0x065,0,0,1,0x00,0x00,0x00,0x00,0x00,0x00,0x00,0x00
5.466850,0x06F,0,0,8,0x05,0x7C,0xAD,0x41,0xC3,0x11,0x30,0x81
5.663400,0x06F,0,0,8,0x0D,0x8C,0x4D,0x42,0xFD,0x8D,0x10,0x7E
5.664050,0x065,0,0,1,0x00,0x00,0x00,0x00,0x00,0x00,0x00,0x00
5.861850,0x065,0,0,1,0x00,0x00,0x00,0x00,0x00,0x00,0x00,0x00
5.863000,0x06F,0,0,8,0xF3,0xB3,0xCD,0x41,0x21,0x82,0x70,0x80
6.059900,0x065,0,0,1,0x00,0x00,0x00,0x00,0x00,0x00,0x00,0x00
6.060800,0x06F,0,0,8,0xFB,0x9B,0xCD,0x42,0x29,0x92,0x70,0x7F
6.257400,0x06F,0,0,8,0xFD,0xBB,0x8D,0xC3,0xEE,0x21,0x50,0x7E
6.258050,0x065,0,0,1,0x00,0x00,0x00,0x00,0x00,0x00,0x00,0x00
6.455400,0x06F,0,0,8,0xFF,0xA3,0xED,0xC2,0x05,0x4A,0x70,0x7D
6.456000,0x065,0,0,1,0x00,0x00,0x00,0x00,0x00,0x00,0x00,0x00
6.653850,0x065,0,0,1,0x00,0x00,0x00,0x00,0x00,0x00,0x00,0x00
6.654850,0x06F,0,0,8,0x03,0xAC,0xCD,0x43,0x2C,0x4A,0x30,0x79
6.851400,0x06F,0,0,8,0x09,0xD4,0x4D,0xC4,0x05,0xE6,0x6F,0x7A
6.852000,0x065,0,0,1,0x00,0x00,0x00,0x00,0x00,0x00,0x00,0x00
7.049400,0x06F,0,0,8,0x0F,0xAC,0xAD,0x43,0xFA,0xB1,0x4F,0x77
7.050050,0x065,0,0,1,0x00,0x00,0x00,0x00,0x00,0x00,0x00,0x00
7.247850,0x065,0,0,1,0x00,0x00,0x00,0x00,0x00,0x00,0x00,0x00
7.248000,0x06F,0,0,8,0x17,0xB4,0xAD,0x43,0xEC,0x69,0xCF,0x89
7.445400,0x06F,0,0,8,0x0F,0xDC,0x4D,0x44,0xE9,0x15,0xD0,0x80
7.446050,0x065,0,0,1,0x00,0x00,0x00,0x00,0x00,0x00,0x00,0x00
7.643400,0x06F,0,0,8,0x0D,0xBC,0x6D,0x43,0xE7,0x15,0x70,0x7C
7.644050,0x065,0,0,1,0x00,0x00,0x00,0x00,0x00,0x00,0x00,0x00
7.841400,0x06F,0,0,8,0x19,0x84,0x4D,0x43,0xF3,0xC5,0xB0,0x81
7.842050,0x065,0,0,1,0x00,0x00,0x00,0x00,0x00,0x00,0x00,0x00
8.039400,0x06F,0,0,8,0x05,0xA4,0xED,0x42,0xF5,0xF1,0x50,0x85
8.040050,0x065,0,0,1,0x00,0x00,0x00,0x00,0x00,0x00,0x00,0x00
8.237400,0x06F,0,0,8,0x01,0xA4,0x0D,0xC3,0xFB,0x35,0xF0,0x81
8.238050,0x065,0,0,1,0x00,0x00,0x00,0x00,0x00,0x00,0x00,0x00
8.435400,0x06F,0,0,8,0xFD,0xAB,0xED,0x42,0xF4,0xC5,0x2F,0x83
8.436300,0x065,0,0,1,0x00,0x00,0x00,0x00,0x00,0x00,0x00,0x00
8.633400,0x06F,0,0,8,0xFD,0xAB,0xED,0xC2,0xFE,0xE9,0xCF,0x7F
8.634050,0x065,0,0,1,0x00,0x00,0x00,0x00,0x00,0x00,0x00,0x00
8.831400,0x06F,0,0,8,0x01,0xA4,0xAD,0xC2,0x09,0xF6,0x8F,0x7D
8.832050,0x065,0,0,1,0x00,0x00,0x00,0x00,0x00,0x00,0x00,0x00
9.029400,0x06F,0,0,8,0x03,0x8C,0xCD,0x42,0xFE,0xF1,0x2F,0x7D
9.030050,0x065,0,0,1,0x00,0x00,0x00,0x00,0x00,0x00,0x00,0x00
9.227400,0x06F,0,0,8,0x03,0xBC,0xAD,0xC2,0x07,0x0E,0xF0,0x7D
9.228050,0x065,0,0,1,0x00,0x00,0x00,0x00,0x00,0x00,0x00,0x00
9.425400,0x06F,0,0,8,0x0B,0x94,0x2D,0xC3,0x0A,0xA6,0xAF,0x7C
9.426050,0x065,0,0,1,0x00,0x00,0x00,0x00,0x00,0x00,0x00,0x00
9.623400,0x06F,0,0,8,0x05,0xBC,0xED,0x42,0x00,0xBE,0xAF,0x80
9.624300,0x065,0,0,1,0x00,0x00,0x00,0x00,0x00,0x00,0x00,0x00
9.821450,0x06F,0,0,8,0x0D,0xB4,0x4D,0xC3,0xFD,0xF9,0x8F,0x7F
9.822100,0x065,0,0,1,0x00,0x00,0x00,0x00,0x00,0x00,0x00,0x00
10.019450,0x06F,0,0,8,0x0D,0x9C,0x0D,0xC3,0x05,0xD2,0xCF,0x80
10.020100,0x065,0,0,1,0x00,0x00,0x00,0x00,0x00,0x00,0x00,0x00
10.217450,0x06F,0,0,8,0x0D,0xAC,0x4D,0x43,0x03,0xDA,0xAF,0x7F
10.218200,0x065,0,0,1,0x00,0x00,0x00,0x00,0x00,0x00,0x00,0x00
10.415450,0x06F,0,0,8,0x0F,0xBC,0x6D,0x43,0xFE,0xF5,0x4F,0x7F
10.416250,0x065,0,0,1,0x00,0x00,0x00,0x00,0x00,0x00,0x00,0x00
10.613450,0x06F,0,0,8,0x0F,0xAC,0x2D,0xC3,0xFF,0xFD,0xEF,0x7F
10.614050,0x065,0,0,1,0x00,0x00,0x00,0x00,0x00,0x00,0x00,0x00
10.811450,0x06F,0,0,8,0x0F,0xAC,0x6D,0xC3,0xFE,0xF1,0xEF,0x7F
10.812300,0x065,0,0,1,0x00,0x00,0x00,0x00,0x00,0x00,0x00,0x00
11.009450,0x06F,0,0,8,0x0D,0xAC,0x4D,0x43,0xFC,0xF9,0x2F,0x80
11.010300,0x065,0,0,1,0x00,0x00,0x00,0x00,0x00,0x00,0x00,0x00
11.207450,0x06F,0,0,8,0x0F,0x9C,0x2D,0x43,0x03,0xFA,0x8F,0x80
11.208100,0x065,0,0,1,0x00,0x00,0x00,0x00,0x00,0x00,0x00,0x00
11.405450,0x06F,0,0,8,0x0D,0xBC,0x4D,0xC3,0xFA,0x01,0x70,0x7F
11.406200,0x065,0,0,1,0x00,0x00,0x00,0x00,0x00,0x00,0x00,0x00
11.603450,0x06F,0,0,8,0x0B,0xB4,0x4D,0xC3,0x01,0xD6,0xEF,0x7F
11.604200,0x065,0,0,1,0x00,0x00,0x00,0x00,0x00,0x00,0x00,0x00
11.801450,0x06F,0,0,8,0x11,0x9C,0x4D,0xC3,0x07,0xC2,0xEF,0x7F
11.802450,0x065,0,0,1,0x00,0x00,0x00,0x00,0x00,0x00,0x00,0x00
11.999450,0x06F,0,0,8,0x0F,0xB4,0x2D,0xC3,0xFD,0xF9,0x0F,0x81
12.000350,0x065,0,0,1,0x00,0x00,0x00,0x00,0x00,0x00,0x00,0x00
12.197450,0x06F,0,0,8,0x11,0xAC,0xAD,0x43,0xFE,0xE5,0x6F,0x7E
12.198350,0x065,0,0,1,0x00,0x00,0x00,0x00,0x00,0x00,0x00,0x00
12.395450,0x06F,0,0,8,0x0F,0xAC,0x2D,0x43,0x02,0xC6,0x4F,0x80
12.396100,0x065,0,0,1,0x00,0x00,0x00,0x00,0x00,0x00,0x00,0x00
12.593450,0x06F,0,0,8,0x11,0xAC,0x2D,0x43,0x01,0xDA,0x4F,0x81
12.594250,0x065,0,0,1,0x00,0x00,0x00,0x00,0x00,0x00,0x00,0x00
12.791450,0x06F,0,0,8,0x0F,0xAC,0x4D,0xC3,0xF2,0x1D,0x50,0x82
12.792250,0x065,0,0,1,0x00,0x00,0x00,0x00,0x00,0x00,0x00,0x00
12.989450,0x06F,0,0,8,0x11,0xA4,0x6D,0x43,0xF9,0x19,0x70,0x81
12.990500,0x065,0,0,1,0x00,0x00,0x00,0x00,0x00,0x00,0x00,0x00
13.187450,0x06F,0,0,8,0x0B,0xAC,0xED,0x42,0xFE,0x1D,0x70,0x7F
13.188300,0x065,0,0,1,0x00,0x00,0x00,0x00,0x00,0x00,0x00,0x00
13.385450,0x06F,0,0,8,0x0D,0xAC,0x4D,0x43,0x05,0xEA,0x4F,0x7E
13.386300,0x065,0,0,1,0x00,0x00,0x00,0x00,0x00,0x00,0x00,0x00
13.583450,0x06F,0,0,8,0x0D,0xAC,0x2D,0x43,0xFE,0xCD,0x4F,0x7F
13.584350,0x065,0,0,1,0x00,0x00,0x00,0x00,0x00,0x00,0x00,0x00
13.781450,0x06F,0,0,8,0x0D,0xAC,0x4D,0x43,0xFF,0xED,0x4F,0x80
13.782250,0x065,0,0,1,0x00,0x00,0x00,0x00,0x00,0x00,0x00,0x00
13.979450,0x06F,0,0,8,0x0F,0xA4,0x2D,0x43,0xFF,0xF9,0x6F,0x80
13.980250,0x065,0,0,1,0x00,0x00,0x00,0x00,0x00,0x00,0x00,0x00
14.177500,0x06F,0,0,8,0x0D,0xB4,0x2D,0xC3,0x00,0x12,0x10,0x7F
14.178500,0x065,0,0,1,0x00,0x00,0x00,0x00,0x00,0x00,0x00,0x00
14.375500,0x06F,0,0,8,0x0F,0xAC,0x2D,0xC3,0xFF,0xF9,0x4F,0x7F
14.376500,0x065,0,0,1,0x00,0x00,0x00,0x00,0x00,0x00,0x00,0x00
14.573500,0x06F,0,0,8,0x11,0xAC,0x4D,0x43,0x02,0xE2,0x8F,0x7F
14.574350,0x065,0,0,1,0x00,0x00,0x00,0x00,0x00,0x00,0x00,0x00
14.771500,0x06F,0,0,8,0x0D,0xB4,0x4D,0xC3,0xFF,0x11,0xF0,0x80
14.772500,0x065,0,0,1,0x00,0x00,0x00,0x00,0x00,0x00,0x00,0x00
14.969650,0x06F,0,0,8,0x0D,0xAC,0x4D,0x43,0x02,0xD2,0x8F,0x7F
14.970500,0x065,0,0,1,0x00,0x00,0x00,0x00,0x00,0x00,0x00,0x00
15.167500,0x06F,0,0,8,0x11,0xAC,0x4D,0x43,0x02,0xDE,0x8F,0x80
15.168250,0x065,0,0,1,0x00,0x00,0x00,0x00,0x00,0x00,0x00,0x00
15.365500,0x06F,0,0,8,0x11,0xA4,0x4D,0x43,0x04,0xF2,0x0F,0x80
15.366500,0x065,0,0,1,0x00,0x00,0x00,0x00,0x00,0x00,0x00,0x00
15.563500,0x06F,0,0,8,0x0F,0xB4,0x6D,0x43,0xFD,0x15,0x90,0x80
15.564500,0x065,0,0,1,0x00,0x00,0x00,0x00,0x00,0x00,0x00,0x00
15.761500,0x06F,0,0,8,0x0F,0xAC,0x4D,0xC3,0xF9,0x09,0x90,0x7F
15.762350,0x065,0,0,1,0x00,0x00,0x00,0x00,0x00,0x00,0x00,0x00
15.959500,0x06F,0,0,8,0x0F,0xAC,0x4D,0x43,0xFC,0x09,0xD0,0x7F
15.960500,0x065,0,0,1,0x00,0x00,0x00,0x00,0x00,0x00,0x00,0x00
16.157500,0x06F,0,0,8,0x0B,0xCC,0x4D,0x43,0xFD,0xF1,0x4F,0x7F
16.158500,0x065,0,0,1,0x00,0x00,0x00,0x00,0x00,0x00,0x00,0x00
16.355500,0x06F,0,0,8,0x1B,0x9C,0x6D,0xC3,0xBA,0x4D,0x8F,0x8A
16.356500,0x065,0,0,1,0x00,0x00,0x00,0x00,0x00,0x00,0x00,0x00
16.553500,0x06F,0,0,8,0x09,0xAC,0x2D,0xC2,0xD5,0xE9,0x30,0x7E
16.554500,0x065,0,0,1,0x00,0x00,0x00,0x00,0x00,0x00,0x00,0x00
16.751500,0x06F,0,0,8,0x01,0x94,0xAD,0x41,0x12,0xBA,0x50,0x81
16.752500,0x065,0,0,1,0x00,0x00,0x00,0x00,0x00,0x00,0x00,0x00
16.949500,0x06F,0,0,8,0x07,0x6C,0xED,0xC0,0x0C,0x56,0xAF,0x7E
16.950550,0x065,0,0,1,0x00,0x00,0x00,0x00,0x00,0x00,0x00,0x00
17.147500,0x06F,0,0,8,0x07,0xC4,0x4D,0xC2,0x10,0xC6,0xCF,0x7D
17.148550,0x065,0,0,1,0x00,0x00,0x00,0x00,0x00,0x00,0x00,0x00
17.345500,0x06F,0,0,8,0x11,0x44,0x4D,0x41,0xE3,0xB9,0x2F,0x7A
17.346550,0x065,0,0,1,0x00,0x00,0x00,0x00,0x00,0x00,0x00,0x00
17.543500,0x06F,0,0,8,0x0F,0x8C,0x0D,0x42,0x20,0x8A,0x0F,0x84
17.544550,0x065,0,0,1,0x00,0x00,0x00,0x00,0x00,0x00,0x00,0x00
17.741500,0x06F,0,0,8,0x17,0xBC,0xED,0x42,0x26,0x5A,0x50,0x7F
17.742500,0x065,0,0,1,0x00,0x00,0x00,0x00,0x00,0x00,0x00,0x00
17.940100,0x06F,0,0,8,0x09,0xB4,0x4D,0xC2,0xFD,0x31,0x4F,0x7D
17.941150,0x065,0,0,1,0x00,0x00,0x00,0x00,0x00,0x00,0x00,0x00
18.137500,0x06F,0,0,8,0x19,0xAC,0x4D,0x43,0x06,0x46,0x30,0x7C
18.138500,0x065,0,0,1,0x00,0x00,0x00,0x00,0x00,0x00,0x00,0x00
18.335550,0x06F,0,0,8,0x19,0x5C,0x4D,0xC2,0xF7,0xED,0x0F,0x7B
18.533800,0x065,0,0,1,0x00,0x00,0x00,0x00,0x00,0x00,0x00,0x00
18.534950,0x06F,0,0,8,0x0F,0xD4,0x2D,0x43,0x11,0x6E,0x2F,0x84
18.731800,0x065,0,0,1,0x00,0x00,0x00,0x00,0x00,0x00,0x00,0x00
18.732950,0x06F,0,0,8,0x17,0x94,0x2D,0xC3,0xFC,0x59,0x6F,0x80
18.929800,0x065,0,0,1,0x00,0x00,0x00,0x00,0x00,0x00,0x00,0x00
18.931100,0x06F,0,0,8,0x11,0xCC,0x2D,0x43,0xEE,0xDD,0x8F,0x7F
19.127800,0x065,0,0,1,0x00,0x00,0x00,0x00,0x00,0x00,0x00,0x00
19.129000,0x06F,0,0,8,0x17,0xA4,0x0D,0x43,0x04,0xCA,0xAF,0x7F
19.325800,0x065,0,0,1,0x00,0x00,0x00,0x00,0x00,0x00,0x00,0x00
19.327000,0x06F,0,0,8,0x15,0xA4,0xAD,0x42,0x04,0xF6,0xEF,0x7F
19.524000,0x065,0,0,1,0x00,0x00,0x00,0x00,0x00,0x00,0x00,0x00
19.525000,0x06F,0,0,8,0x17,0xAC,0x2D,0xC3,0xFB,0xF1,0xCF,0x7F
19.721800,0x065,0,0,1,0x00,0x00,0x00,0x00,0x00,0x00,0x00,0x00
19.723000,0x06F,0,0,8,0x15,0xAC,0xCD,0x42,0x00,0x2E,0xB0,0x80
19.919800,0x065,0,0,1,0x00,0x00,0x00,0x00,0x00,0x00,0x00,0x00
19.921150,0x06F,0,0,8,0x15,0xAC,0x0D,0xC3,0xFD,0xFD,0xEF,0x7F
20.117800,0x065,0,0,1,0x00,0x00,0x00,0x00,0x00,0x00,0x00,0x00
20.119000,0x06F,0,0,8,0x15,0xB4,0xCD,0xC2,0x01,0xCE,0x4F,0x80
20.315850,0x065,0,0,1,0x00,0x00,0x00,0x00,0x00,0x00,0x00,0x00
20.317000,0x06F,0,0,8,0x17,0xA4,0xED,0xC2,0xFD,0xF1,0xCF,0x80
20.513800,0x065,0,0,1,0x00,0x00,0x00,0x00,0x00,0x00,0x00,0x00
20.515000,0x06F,0,0,8,0x17,0xAC,0xED,0x42,0xF9,0x0D,0xB0,0x7F
20.712050,0x065,0,0,1,0x00,0x00,0x00,0x00,0x00,0x00,0x00,0x00
20.713000,0x06F,0,0,8,0x15,0xAC,0xCD,0x42,0xFB,0x0D,0xB0,0x7F
20.909800,0x065,0,0,1,0x00,0x00,0x00,0x00,0x00,0x00,0x00,0x00
20.911150,0x06F,0,0,8,0x17,0x9C,0xAD,0x42,0x03,0x06,0x10,0x7F
21.108050,0x065,0,0,1,0x00,0x00,0x00,0x00,0x00,0x00,0x00,0x00
21.109000,0x06F,0,0,8,0x13,0xB4,0x8D,0x42,0x02,0x02,0x30,0x80
21.306050,0x065,0,0,1,0x00,0x00,0x00,0x00,0x00,0x00,0x00,0x00
21.307000,0x06F,0,0,8,0x15,0xB4,0x0D,0x43,0x04,0xD2,0x2F,0x7F
21.503800,0x065,0,0,1,0x00,0x00,0x00,0x00,0x00,0x00,0x00,0x00
21.505000,0x06F,0,0,8,0x17,0xA4,0xED,0x42,0x03,0xF2,0xCF,0x7F
21.701850,0x065,0,0,1,0x00,0x00,0x00,0x00,0x00,0x00,0x00,0x00
21.703000,0x06F,0,0,8,0x15,0xAC,0xAD,0xC2,0x00,0xC2,0x4F,0x7F
21.900050,0x065,0,0,1,0x00,0x00,0x00,0x00,0x00,0x00,0x00,0x00
21.901150,0x06F,0,0,8,0x17,0xB4,0xED,0x42,0x06,0xF2,0xCF,0x7E
22.098050,0x065,0,0,1,0x00,0x00,0x00,0x00,0x00,0x00,0x00,0x00
22.099050,0x06F,0,0,8,0x19,0xA4,0xED,0x42,0x03,0xC6,0xEF,0x7F
22.296050,0x065,0,0,1,0x00,0x00,0x00,0x00,0x00,0x00,0x00,0x00
22.297050,0x06F,0,0,8,0x17,0xBC,0x0D,0xC3,0xFF,0xE1,0x8F,0x7F
22.494050,0x065,0,0,1,0x00,0x00,0x00,0x00,0x00,0x00,0x00,0x00
22.495200,0x06F,0,0,8,0x1B,0xAC,0xED,0x42,0x03,0xDA,0x8F,0x7F
22.692100,0x065,0,0,1,0x00,0x00,0x00,0x00,0x00,0x00,0x00,0x00
22.693000,0x06F,0,0,8,0x1B,0xB4,0x2D,0x43,0xFF,0xF5,0xEF,0x7F
22.889850,0x065,0,0,1,0x00,0x00,0x00,0x00,0x00,0x00,0x00,0x00
22.891150,0x06F,0,0,8,0x1B,0xB4,0x2D,0x43,0x01,0xFA,0xCF,0x7F
23.088050,0x065,0,0,1,0x00,0x00,0x00,0x00,0x00,0x00,0x00,0x00
23.089000,0x06F,0,0,8,0x1B,0xB4,0x0D,0xC3,0xFC,0x05,0x90,0x81
23.286050,0x065,0,0,1,0x00,0x00,0x00,0x00,0x00,0x00,0x00,0x00
23.287050,0x06F,0,0,8,0x1B,0xB4,0x4D,0xC3,0xF6,0x15,0x50,0x80
23.483600,0x06F,0,0,8,0x19,0xB4,0x2D,0x43,0x00,0xF6,0xAF,0x80
23.484200,0x065,0,0,1,0x00,0x00,0x00,0x00,0x00,0x00,0x00,0x00
23.682050,0x065,0,0,1,0x00,0x00,0x00,0x00,0x00,0x00,0x00,0x00
23.683050,0x06F,0,0,8,0x19,0xBC,0x2D,0x43,0xFF,0xF9,0x0F,0x80
23.880050,0x065,0,0,1,0x00,0x00,0x00,0x00,0x00,0x00,0x00,0x00
23.881150,0x06F,0,0,8,0x1D,0xA4,0x4D,0x43,0xFB,0xFD,0xCF,0x7E
24.078050,0x065,0,0,1,0x00,0x00,0x00,0x00,0x00,0x00,0x00,0x00
24.079050,0x06F,0,0,8,0x19,0xAC,0xCD,0x42,0x00,0x26,0x50,0x7F
24.276100,0x065,0,0,1,0x00,0x00,0x00,0x00,0x00,0x00,0x00,0x00
24.277050,0x06F,0,0,8,0x19,0xAC,0xCD,0xC2,0xFD,0xFD,0x0F,0x80
24.473600,0x06F,0,0,8,0x19,0xBC,0x2D,0x43,0xFC,0xE1,0xAF,0x7F
24.474250,0x065,0,0,1,0x00,0x00,0x00,0x00,0x00,0x00,0x00,0x00
24.671600,0x06F,0,0,8,0x1B,0xB4,0x0D,0x43,0xFD,0x09,0x70,0x80
24.672250,0x065,0,0,1,0x00,0x00,0x00,0x00,0x00,0x00,0x00,0x00
24.870100,0x065,0,0,1,0x00,0x00,0x00,0x00,0x00,0x00,0x00,0x00
24.871200,0x06F,0,0,8,0x1B,0xA4,0xED,0x42,0xFA,0x0D,0xB0,0x7F
25.068100,0x065,0,0,1,0x00,0x00,0x00,0x00,0x00,0x00,0x00,0x00
25.069050,0x06F,0,0,8,0x11,0xC4,0x8D,0x42,0xF8,0x11,0xF0,0x7F
25.265650,0x06F,0,0,8,0x27,0xA4,0x4D,0xC3,0x08,0xBE,0x0F,0x7A
25.266250,0x065,0,0,1,0x00,0x00,0x00,0x00,0x00,0x00,0x00,0x00
25.464100,0x065,0,0,1,0x00,0x00,0x00,0x00,0x00,0x00,0x00,0x00
25.465050,0x06F,0,0,8,0x21,0xB4,0x0D,0xC3,0xF6,0xC1,0xD0,0x7D
25.661600,0x06F,0,0,8,0x19,0xBC,0x0D,0x43,0xFB,0x91,0xF0,0x7E
25.662250,0x065,0,0,1,0x00,0x00,0x00,0x00,0x00,0x00,0x00,0x00
25.859600,0x06F,0,0,8,0x19,0xB4,0x0D,0x43,0x03,0x12,0xF0,0x7F
25.860250,0x065,0,0,1,0x00,0x00,0x00,0x00,0x00,0x00,0x00,0x00
26.057600,0x06F,0,0,8,0x1F,0x9C,0x0D,0xC3,0x0A,0xA2,0x4F,0x84
26.058250,0x065,0,0,1,0x00,0x00,0x00,0x00,0x00,0x00,0x00,0x00
26.256100,0x065,0,0,1,0x00,0x00,0x00,0x00,0x00,0x00,0x00,0x00
26.257100,0x06F,0,0,8,0x19,0x84,0x6D,0x43,0xE4,0x79,0xCF,0x83
26.453600,0x06F,0,0,8,0xF1,0x53,0xED,0x43,0x08,0x79,0xAC,0x9E
26.454250,0x065,0,0,1,0x00,0x00,0x00,0x00,0x00,0x00,0x00,0x00
26.652100,0x065,0,0,1,0x00,0x00,0x00,0x00,0x00,0x00,0x00,0x00
26.653100,0x06F,0,0,8,0x15,0xCC,0x0E,0xBF,0x59,0x98,0xB3,0xA5
26.849650,0x06F,0,0,8,0xDB,0xE3,0x0F,0x38,0x0E,0x85,0xF3,0x85
26.850300,0x065,0,0,1,0x00,0x00,0x00,0x00,0x00,0x00,0x00,0x00
27.047650,0x06F,0,0,8,0xF3,0x73,0x50,0xB1,0x92,0x31,0xD1,0x5E
27.048300,0x065,0,0,1,0x00,0x00,0x00,0x00,0x00,0x00,0x00,0x00
27.245650,0x06F,0,0,8,0x23,0x8C,0x90,0x37,0x58,0x96,0xB7,0x47
27.246300,0x065,0,0,1,0x00,0x00,0x00,0x00,0x00,0x00,0x00,0x00
27.443650,0x06F,0,0,8,0xD7,0x63,0xB0,0x36,0x01,0x9F,0x13,0x72
27.444250,0x065,0,0,1,0x00,0x00,0x00,0x00,0x00,0x00,0x00,0x00
27.641650,0x06F,0,0,8,0xD7,0x43,0xD0,0x37,0xF5,0xB1,0x6F,0x8D
27.642250,0x065,0,0,1,0x00,0x00,0x00,0x00,0x00,0x00,0x00,0x00
27.839650,0x06F,0,0,8,0xC7,0x6B,0x10,0x37,0x03,0x9E,0x8F,0x71
27.840250,0x065,0,0,1,0x00,0x00,0x00,0x00,0x00,0x00,0x00,0x00
28.037650,0x06F,0,0,8,0xB3,0xAB,0x90,0xB7,0x06,0x82,0xB0,0x78
28.038300,0x065,0,0,1,0x00,0x00,0x00,0x00,0x00,0x00,0x00,0x00
28.235650,0x06F,0,0,8,0xBB,0x83,0x70,0xB7,0xFC,0x01,0x90,0x7C
28.236300,0x065,0,0,1,0x00,0x00,0x00,0x00,0x00,0x00,0x00,0x00
28.433650,0x06F,0,0,8,0xBD,0x9B,0x90,0x37,0x03,0x32,0x30,0x7F
28.434300,0x065,0,0,1,0x00,0x00,0x00,0x00,0x00,0x00,0x00,0x00
28.631650,0x06F,0,0,8,0xB7,0x93,0x90,0x37,0xFD,0xF9,0x0F,0x81
28.632400,0x065,0,0,1,0x00,0x00,0x00,0x00,0x00,0x00,0x00,0x00
28.829650,0x06F,0,0,8,0xBD,0x83,0x90,0xB7,0x06,0x36,0x90,0x80
28.830300,0x065,0,0,1,0x00,0x00,0x00,0x00,0x00,0x00,0x00,0x00
29.027650,0x06F,0,0,8,0xBD,0x83,0x70,0x37,0x02,0x1E,0xB0,0x7F
29.028550,0x065,0,0,1,0x00,0x00,0x00,0x00,0x00,0x00,0x00,0x00
29.225650,0x06F,0,0,8,0xBD,0x8B,0x70,0x37,0xFF,0xFD,0xCF,0x7F
29.226300,0x065,0,0,1,0x00,0x00,0x00,0x00,0x00,0x00,0x00,0x00
29.423650,0x06F,0,0,8,0xBD,0x8B,0x70,0x37,0xFF,0xF1,0x0F,0x80
29.424300,0x065,0,0,1,0x00,0x00,0x00,0x00,0x00,0x00,0x00,0x00
29.621650,0x06F,0,0,8,0xBD,0x8B,0x70,0xB7,0xFC,0xE5,0xEF,0x7F
29.622300,0x065,0,0,1,0x00,0x00,0x00,0x00,0x00,0x00,0x00,0x00
29.819650,0x06F,0,0,8,0xBB,0x8B,0x70,0x37,0xFA,0xE1,0xAF,0x7E
29.820450,0x065,0,0,1,0x00,0x00,0x00,0x00,0x00,0x00,0x00,0x00
30.017650,0x06F,0,0,8,0xB9,0x9B,0x90,0x37,0xF8,0x9D,0x6F,0x80
30.018300,0x065,0,0,1,0x00,0x00,0x00,0x00,0x00,0x00,0x00,0x00
30.215650,0x06F,0,0,8,0xB9,0x93,0xB0,0xB7,0xFE,0xF9,0x0F,0x80
30.216500,0x065,0,0,1,0x00,0x00,0x00,0x00,0x00,0x00,0x00,0x00
30.413650,0x06F,0,0,8,0xB9,0x93,0xB0,0x37,0xFE,0xF1,0xEF,0x7F
30.414550,0x065,0,0,1,0x00,0x00,0x00,0x00,0x00,0x00,0x00,0x00
30.611650,0x06F,0,0,8,0xB7,0x93,0xB0,0x37,0x00,0xFE,0xEF,0x7F
30.612300,0x065,0,0,1,0x00,0x00,0x00,0x00,0x00,0x00,0x00,0x00
30.809650,0x06F,0,0,8,0xB9,0x93,0xB0,0xB7,0xFC,0xD9,0xCF,0x7F
30.810450,0x065,0,0,1,0x00,0x00,0x00,0x00,0x00,0x00,0x00,0x00
31.007700,0x06F,0,0,8,0xB7,0x9B,0xB0,0x37,0x00,0x0E,0xF0,0x7F
31.008450,0x065,0,0,1,0x00,0x00,0x00,0x00,0x00,0x00,0x00,0x00
31.205700,0x06F,0,0,8,0xB7,0x93,0xB0,0x37,0xFF,0xFD,0xEF,0x7F
31.206450,0x065,0,0,1,0x00,0x00,0x00,0x00,0x00,0x00,0x00,0x00
31.403700,0x06F,0,0,8,0xB9,0x93,0xB0,0xB7,0xFD,0xF5,0xAF,0x7F
31.404550,0x065,0,0,1,0x00,0x00,0x00,0x00,0x00,0x00,0x00,0x00
31.601700,0x06F,0,0,8,0xB7,0x9B,0xB0,0xB7,0xFF,0x05,0xF0,0x7F
31.602550,0x065,0,0,1,0x00,0x00,0x00,0x00,0x00,0x00,0x00,0x00
31.799700,0x06F,0,0,8,0xB7,0x9B,0x90,0x37,0xFF,0x15,0xF0,0x7F
31.800300,0x065,0,0,1,0x00,0x00,0x00,0x00,0x00,0x00,0x00,0x00
31.997700,0x06F,0,0,8,0xB9,0x93,0xB0,0x37,0xFF,0xF9,0xCF,0x7F
31.998450,0x065,0,0,1,0x00,0x00,0x00,0x00,0x00,0x00,0x00,0x00
32.195700,0x06F,0,0,8,0xB9,0x93,0xB0,0x37,0xFE,0xF9,0xCF,0x7F
32.196450,0x065,0,0,1,0x00,0x00,0x00,0x00,0x00,0x00,0x00,0x00
32.393700,0x06F,0,0,8,0xB7,0x9B,0xB0,0x37,0xFC,0xDD,0xEF,0x7F
32.394450,0x065,0,0,1,0x00,0x00,0x00,0x00,0x00,0x00,0x00,0x00
32.591700,0x06F,0,0,8,0xB9,0x93,0xB0,0x37,0x03,0x12,0xF0,0x7F
32.592550,0x065,0,0,1,0x00,0x00,0x00,0x00,0x00,0x00,0x00,0x00
32.789700,0x06F,0,0,8,0xB9,0x93,0xB0,0x37,0xFF,0xF9,0xAF,0x80
32.790550,0x065,0,0,1,0x00,0x00,0x00,0x00,0x00,0x00,0x00,0x00
32.987700,0x06F,0,0,8,0xB9,0x93,0xB0,0xB7,0x01,0x1A,0xF0,0x7F
32.988550,0x065,0,0,1,0x00,0x00,0x00,0x00,0x00,0x00,0x00,0x00
33.185700,0x06F,0,0,8,0xB7,0x9B,0x90,0x37,0x00,0x06,0xF0,0x7F
33.186500,0x065,0,0,1,0x00,0x00,0x00,0x00,0x00,0x00,0x00,0x00
33.383700,0x06F,0,0,8,0xB7,0x93,0x90,0x37,0xFF,0xFD,0xEF,0x7F
33.384500,0x065,0,0,1,0x00,0x00,0x00,0x00,0x00,0x00,0x00,0x00
33.581700,0x06F,0,0,8,0xB7,0x93,0xB0,0xB7,0xFE,0xFD,0xEF,0x7F
33.582700,0x065,0,0,1,0x00,0x00,0x00,0x00,0x00,0x00,0x00,0x00
33.779700,0x06F,0,0,8,0xB7,0x93,0xB0,0xB7,0xFF,0x01,0xF0,0x7F
33.780750,0x065,0,0,1,0x00,0x00,0x00,0x00,0x00,0x00,0x00,0x00
33.977700,0x06F,0,0,8,0xB9,0x93,0x90,0x37,0xFF,0xFD,0xEF,0x7F
33.978600,0x065,0,0,1,0x00,0x00,0x00,0x00,0x00,0x00,0x00,0x00
34.175700,0x06F,0,0,8,0xB7,0x93,0xB0,0xB7,0xFF,0xFD,0xEF,0x7F
34.176550,0x065,0,0,1,0x00,0x00,0x00,0x00,0x00,0x00,0x00,0x00
34.373700,0x06F,0,0,8,0xB7,0x93,0xB0,0xB7,0xFF,0x01,0xF0,0x7F
34.374750,0x065,0,0,1,0x00,0x00,0x00,0x00,0x00,0x00,0x00,0x00
34.571700,0x06F,0,0,8,0xB9,0x93,0xB0,0xB7,0xFF,0x05,0xF0,0x7F
34.572500,0x065,0,0,1,0x00,0x00,0x00,0x00,0x00,0x00,0x00,0x00
34.769700,0x06F,0,0,8,0xB9,0x93,0xB0,0x37,0xFE,0xF9,0xEF,0x7F
34.770700,0x065,0,0,1,0x00,0x00,0x00,0x00,0x00,0x00,0x00,0x00
34.967700,0x06F,0,0,8,0xB9,0x93,0xB0,0xB7,0xFE,0x01,0xF0,0x7F
34.968700,0x065,0,0,1,0x00,0x00,0x00,0x00,0x00,0x00,0x00,0x00
35.165750,0x06F,0,0,8,0xB9,0x93,0x90,0x37,0xFF,0xF9,0xEF,0x7F
35.166600,0x065,0,0,1,0x00,0x00,0x00,0x00,0x00,0x00,0x00,0x00
35.363750,0x06F,0,0,8,0xB9,0x93,0x90,0x37,0xFF,0x05,0xF0,0x7F
35.364750,0x065,0,0,1,0x00,0x00,0x00,0x00,0x00,0x00,0x00,0x00
35.561750,0x06F,0,0,8,0xB9,0x93,0xB0,0xB7,0xFF,0x01,0xF0,0x7F
35.562750,0x065,0,0,1,0x00,0x00,0x00,0x00,0x00,0x00,0x00,0x00
35.759750,0x06F,0,0,8,0xB9,0x93,0xB0,0xB7,0xFE,0xFD,0xEF,0x7F
35.760550,0x065,0,0,1,0x00,0x00,0x00,0x00,0x00,0x00,0x00,0x00
35.957750,0x06F,0,0,8,0xB9,0x93,0x90,0x37,0xFF,0xF9,0xEF,0x7F
35.958750,0x065,0,0,1,0x00,0x00,0x00,0x00,0x00,0x00,0x00,0x00
36.155750,0x06F,0,0,8,0xB9,0x93,0xB0,0xB7,0xFE,0xF1,0xEF,0x7F
36.156750,0x065,0,0,1,0x00,0x00,0x00,0x00,0x00,0x00,0x00,0x00
36.353750,0x06F,0,0,8,0xB7,0x93,0x90,0x37,0xFF,0x01,0xF0,0x7F
36.354750,0x065,0,0,1,0x00,0x00,0x00,0x00,0x00,0x00,0x00,0x00
36.551750,0x06F,0,0,8,0xB9,0x93,0x90,0x37,0xFF,0xFD,0xEF,0x7F
36.552750,0x065,0,0,1,0x00,0x00,0x00,0x00,0x00,0x00,0x00,0x00
36.749750,0x06F,0,0,8,0xB9,0x93,0xB0,0x37,0xFF,0xFD,0xEF,0x7F
36.750750,0x065,0,0,1,0x00,0x00,0x00,0x00,0x00,0x00,0x00,0x00
36.947750,0x06F,0,0,8,0xB9,0x93,0xB0,0xB7,0xFE,0xF9,0xEF,0x7F
36.948750,0x065,0,0,1,0x00,0x00,0x00,0x00,0x00,0x00,0x00,0x00
37.145750,0x06F,0,0,8,0xB9,0x93,0x90,0x37,0xFF,0x01,0xF0,0x7F
37.146750,0x065,0,0,1,0x00,0x00,0x00,0x00,0x00,0x00,0x00,0x00
37.343750,0x06F,0,0,8,0xB9,0x93,0x90,0x37,0xFF,0xFD,0xEF,0x7F
37.344750,0x065,0,0,1,0x00,0x00,0x00,0x00,0x00,0x00,0x00,0x00
37.541750,0x06F,0,0,8,0xB9,0x93,0x90,0xB7,0xFE,0x01,0xF0,0x7F
37.542750,0x065,0,0,1,0x00,0x00,0x00,0x00,0x00,0x00,0x00,0x00
37.739750,0x06F,0,0,8,0xB9,0x93,0xB0,0xB7,0xFE,0xF9,0xEF,0x7F
37.740900,0x065,0,0,1,0x00,0x00,0x00,0x00,0x00,0x00,0x00,0x00
37.937750,0x06F,0,0,8,0xB9,0x93,0x90,0xB7,0xFE,0xF9,0xEF,0x7F
37.938800,0x065,0,0,1,0x00,0x00,0x00,0x00,0x00,0x00,0x00,0x00
38.135750,0x06F,0,0,8,0xB9,0x93,0x90,0x37,0xFF,0xF9,0xEF,0x7F
38.334000,0x065,0,0,1,0x00,0x00,0x00,0x00,0x00,0x00,0x00,0x00
38.335200,0x06F,0,0,8,0xB9,0x93,0x90,0xB7,0xFF,0xF9,0xEF,0x7F
38.532050,0x065,0,0,1,0x00,0x00,0x00,0x00,0x00,0x00,0x00,0x00
38.533200,0x06F,0,0,8,0xB7,0x93,0x90,0xB7,0xFF,0xFD,0xEF,0x7F
38.730050,0x065,0,0,1,0x00,0x00,0x00,0x00,0x00,0x00,0x00,0x00
38.731250,0x06F,0,0,8,0xB9,0x93,0xB0,0x37,0xFF,0xF5,0xEF,0x7F
38.928050,0x065,0,0,1,0x00,0x00,0x00,0x00,0x00,0x00,0x00,0x00
38.929350,0x06F,0,0,8,0xB9,0x93,0xB0,0xB7,0xFE,0xFD,0xEF,0x7F
39.126050,0x065,0,0,1,0x00,0x00,0x00,0x00,0x00,0x00,0x00,0x00
39.127250,0x06F,0,0,8,0xB9,0x93,0xB0,0x37,0xFF,0xF9,0xEF,0x7F
39.324050,0x065,0,0,1,0x00,0x00,0x00,0x00,0x00,0x00,0x00,0x00
39.325250,0x06F,0,0,8,0xB9,0x93,0xB0,0xB7,0xFF,0x09,0xF0,0x7F
39.522300,0x065,0,0,1,0x00,0x00,0x00,0x00,0x00,0x00,0x00,0x00
39.523200,0x06F,0,0,8,0xB7,0x93,0x90,0x37,0xFE,0xF5,0xEF,0x7F
39.720050,0x065,0,0,1,0x00,0x00,0x00,0x00,0x00,0x00,0x00,0x00
39.721200,0x06F,0,0,8,0xB9,0x93,0xB0,0xB7,0xFE,0xF9,0xEF,0x7F
39.918050,0x065,0,0,1,0x00,0x00,0x00,0x00,0x00,0x00,0x00,0x00
39.919350,0x06F,0,0,8,0xB9,0x93,0x90,0xB7,0xFF,0xFD,0xEF,0x7F
40.116050,0x065,0,0,1,0x00,0x00,0x00,0x00,0x00,0x00,0x00,0x00
40.117250,0x06F,0,0,8,0xB9,0x93,0x90,0xB7,0xFE,0xFD,0xEF,0x7F
40.314250,0x065,0,0,1,0x00,0x00,0x00,0x00,0x00,0x00,0x00,0x00
40.315250,0x06F,0,0,8,0xB9,0x93,0xB0,0x37,0xFF,0x05,0xF0,0x7F
40.512050,0x065,0,0,1,0x00,0x00,0x00,0x00,0x00,0x00,0x00,0x00
40.513250,0x06F,0,0,8,0xB9,0x93,0x90,0x37,0xFF,0xFD,0xEF,0x7F
40.710300,0x065,0,0,1,0x00,0x00,0x00,0x00,0x00,0x00,0x00,0x00
40.711250,0x06F,0,0,8,0xB9,0x93,0xB0,0xB7,0xFE,0xFD,0xEF,0x7F
40.908050,0x065,0,0,1,0x00,0x00,0x00,0x00,0x00,0x00,0x00,0x00
40.909350,0x06F,0,0,8,0xB9,0x93,0x90,0x37,0xFF,0xFD,0xEF,0x7F
41.106050,0x065,0,0,1,0x00,0x00,0x00,0x00,0x00,0x00,0x00,0x00
41.107250,0x06F,0,0,8,0xB9,0x93,0x90,0xB7,0xFE,0xF1,0xEF,0x7F
41.304300,0x065,0,0,1,0x00,0x00,0x00,0x00,0x00,0x00,0x00,0x00
41.305250,0x06F,0,0,8,0xB9,0x93,0x90,0x37,0xFF,0x01,0xF0,0x7F
41.502300,0x065,0,0,1,0x00,0x00,0x00,0x00,0x00,0x00,0x00,0x00
41.503250,0x06F,0,0,8,0xB9,0x93,0xB0,0xB7,0xFE,0xF9,0xEF,0x7F
41.700050,0x065,0,0,1,0x00,0x00,0x00,0x00,0x00,0x00,0x00,0x00
41.701250,0x06F,0,0,8,0xB9,0x93,0xB0,0x37,0xFF,0x01,0xF0,0x7F
41.898300,0x065,0,0,1,0x00,0x00,0x00,0x00,0x00,0x00,0x00,0x00
41.899400,0x06F,0,0,8,0xB9,0x93,0x90,0x37,0xFF,0xFD,0xEF,0x7F
42.096300,0x065,0,0,1,0x00,0x00,0x00,0x00,0x00,0x00,0x00,0x00
42.097250,0x06F,0,0,8,0xB9,0x93,0x90,0xB7,0xFE,0xF5,0xEF,0x7F
42.294050,0x065,0,0,1,0x00,0x00,0x00,0x00,0x00,0x00,0x00,0x00
42.295250,0x06F,0,0,8,0xB9,0x93,0xB0,0xB7,0xFE,0xF5,0xEF,0x7F
42.492300,0x065,0,0,1,0x00,0x00,0x00,0x00,0x00,0x00,0x00,0x00
42.493250,0x06F,0,0,8,0xB9,0x93,0xB0,0x37,0xFF,0x01,0xF0,0x7F
42.690300,0x065,0,0,1,0x00,0x00,0x00,0x00,0x00,0x00,0x00,0x00
42.691250,0x06F,0,0,8,0xB9,0x93,0xB0,0x37,0xFF,0xFD,0xEF,0x7F
42.887800,0x06F,0,0,8,0xB9,0x93,0xB0,0x37,0xFF,0xFD,0xEF,0x7F
42.888450,0x065,0,0,1,0x00,0x00,0x00,0x00,0x00,0x00,0x00,0x00
43.086300,0x065,0,0,1,0x00,0x00,0x00,0x00,0x00,0x00,0x00,0x00
43.087300,0x06F,0,0,8,0xB9,0x93,0x90,0x37,0xFF,0xF9,0xEF,0x7F
43.284300,0x065,0,0,1,0x00,0x00,0x00,0x00,0x00,0x00,0x00,0x00
43.285300,0x06F,0,0,8,0xB9,0x93,0x90,0x37,0xFF,0xFD,0xEF,0x7F
43.482100,0x065,0,0,1,0x00,0x00,0x00,0x00,0x00,0x00,0x00,0x00
43.483300,0x06F,0,0,8,0xB9,0x93,0xB0,0xB7,0xFE,0xF9,0xEF,0x7F
43.680300,0x065,0,0,1,0x00,0x00,0x00,0x00,0x00,0x00,0x00,0x00
43.681250,0x06F,0,0,8,0xB9,0x93,0x90,0x37,0xFF,0xFD,0xEF,0x7F
43.878350,0x065,0,0,1,0x00,0x00,0x00,0x00,0x00,0x00,0x00,0x00
43.879450,0x06F,0,0,8,0xB9,0x93,0x90,0x37,0xFE,0x01,0xF0,0x7F
44.075850,0x06F,0,0,8,0xB9,0x93,0xB0,0x37,0x00,0xF2,0xEF,0x7F
44.076500,0x065,0,0,1,0x00,0x00,0x00,0x00,0x00,0x00,0x00,0x00
44.274300,0x065,0,0,1,0x00,0x00,0x00,0x00,0x00,0x00,0x00,0x00
44.275300,0x06F,0,0,8,0xB9,0x93,0x90,0x37,0xFF,0xFD,0xEF,0x7F
44.472300,0x065,0,0,1,0x00,0x00,0x00,0x00,0x00,0x00,0x00,0x00
44.473300,0x06F,0,0,8,0xB9,0x93,0x90,0xB7,0xFE,0x01,0xF0,0x7F
44.670300,0x065,0,0,1,0x00,0x00,0x00,0x00,0x00,0x00,0x00,0x00
44.670450,0x06F,0,0,8,0xB9,0x93,0x90,0x37,0xFE,0xF5,0xEF,0x7F
44.868300,0x065,0,0,1,0x00,0x00,0x00,0x00,0x00,0x00,0x00,0x00
44.869400,0x06F,0,0,8,0xB9,0x93,0x90,0x37,0xFF,0xFD,0xEF,0x7F
45.066300,0x065,0,0,1,0x00,0x00,0x00,0x00,0x00,0x00,0x00,0x00
45.067300,0x06F,0,0,8,0xB9,0x93,0x90,0x37,0xFF,0x01,0xF0,0x7F
45.263850,0x06F,0,0,8,0xB9,0x93,0x90,0xB7,0xFE,0xF9,0xEF,0x7F
45.264500,0x065,0,0,1,0x00,0x00,0x00,0x00,0x00,0x00,0x00,0x00
45.461850,0x06F,0,0,8,0xB9,0x93,0x90,0x37,0xFF,0x01,0xF0,0x7F
45.462500,0x065,0,0,1,0x00,0x00,0x00,0x00,0x00,0x00,0x00,0x00
45.660350,0x065,0,0,1,0x00,0x00,0x00,0x00,0x00,0x00,0x00,0x00
45.661300,0x06F,0,0,8,0xB9,0x93,0x90,0x37,0xFE,0xF5,0xEF,0x7F
45.857850,0x06F,0,0,8,0xB9,0x93,0x90,0x37,0xFF,0xFD,0xEF,0x7F
45.858500,0x065,0,0,1,0x00,0x00,0x00,0x00,0x00,0x00,0x00,0x00
46.055850,0x06F,0,0,8,0xB9,0x93,0x90,0xB7,0xFE,0xF9,0xEF,0x7F
46.056500,0x065,0,0,1,0x00,0x00,0x00,0x00,0x00,0x00,0x00,0x00
46.253900,0x06F,0,0,8,0xB9,0x93,0x90,0xB7,0xFE,0xF9,0xEF,0x7F
46.254500,0x065,0,0,1,0x00,0x00,0x00,0x00,0x00,0x00,0x00,0x00
46.451850,0x06F,0,0,8,0xB9,0x93,0x90,0x37,0x00,0x02,0xF0,0x7F
46.452650,0x065,0,0,1,0x00,0x00,0x00,0x00,0x00,0x00,0x00,0x00
46.649850,0x06F,0,0,8,0xB9,0x93,0x90,0xB7,0xFD,0xF5,0xEF,0x7F
46.650650,0x065,0,0,1,0x00,0x00,0x00,0x00,0x00,0x00,0x00,0x00
46.847850,0x06F,0,0,8,0xB9,0x93,0xB0,0xB7,0xFE,0xF5,0xEF,0x7F
46.848700,0x065,0,0,1,0x00,0x00,0x00,0x00,0x00,0x00,0x00,0x00
47.045850,0x06F,0,0,8,0xB9,0x93,0xB0,0x37,0xFF,0xF9,0xEF,0x7F
47.046750,0x065,0,0,1,0x00,0x00,0x00,0x00,0x00,0x00,0x00,0x00
47.243850,0x06F,0,0,8,0xB9,0x93,0xB0,0xB7,0xFE,0xF9,0xEF,0x7F
47.244750,0x065,0,0,1,0x00,0x00,0x00,0x00,0x00,0x00,0x00,0x00
47.441850,0x06F,0,0,8,0xB9,0x9B,0x90,0xB7,0xFE,0xF9,0xEF,0x7F
47.442650,0x065,0,0,1,0x00,0x00,0x00,0x00,0x00,0x00,0x00,0x00
47.639900,0x06F,0,0,8,0xB9,0x93,0xB0,0x37,0xFF,0xFD,0xCF,0x7F
47.640650,0x065,0,0,1,0x00,0x00,0x00,0x00,0x00,0x00,0x00,0x00
47.837900,0x06F,0,0,8,0xB9,0x93,0xB0,0x37,0xFF,0xF9,0xEF,0x7F
47.838650,0x065,0,0,1,0x00,0x00,0x00,0x00,0x00,0x00,0x00,0x00
48.035900,0x06F,0,0,8,0xB9,0x93,0x90,0x37,0xFF,0x01,0xF0,0x7F
48.036900,0x065,0,0,1,0x00,0x00,0x00,0x00,0x00,0x00,0x00,0x00
48.233900,0x06F,0,0,8,0xB9,0x93,0xB0,0x37,0xFE,0xF9,0xEF,0x7F
48.234750,0x065,0,0,1,0x00,0x00,0x00,0x00,0x00,0x00,0x00,0x00
48.431900,0x06F,0,0,8,0xB9,0x93,0x90,0xB7,0xFE,0xFD,0xEF,0x7F
48.432750,0x065,0,0,1,0x00,0x00,0x00,0x00,0x00,0x00,0x00,0x00
48.629900,0x06F,0,0,8,0xB9,0x9B,0xB0,0x37,0xFF,0x01,0xF0,0x7F
48.630900,0x065,0,0,1,0x00,0x00,0x00,0x00,0x00,0x00,0x00,0x00
48.827900,0x06F,0,0,8,0xB9,0x93,0xB0,0x37,0xFE,0xFD,0xCF,0x7F
48.828650,0x065,0,0,1,0x00,0x00,0x00,0x00,0x00,0x00,0x00,0x00
49.025900,0x06F,0,0,8,0xB9,0x93,0xB0,0xB7,0xFE,0xED,0xEF,0x7F
49.026900,0x065,0,0,1,0x00,0x00,0x00,0x00,0x00,0x00,0x00,0x00
49.223900,0x06F,0,0,8,0xB7,0x93,0xB0,0x37,0xFF,0xF5,0xEF,0x7F
49.224900,0x065,0,0,1,0x00,0x00,0x00,0x00,0x00,0x00,0x00,0x00
49.422250,0x06F,0,0,8,0xB9,0x93,0xB0,0x37,0xFF,0xF5,0xEF,0x7F
49.422900,0x065,0,0,1,0x00,0x00,0x00,0x00,0x00,0x00,0x00,0x00
49.620050,0x06F,0,0,8,0xB9,0x93,0xB0,0x37,0xFE,0xF1,0xEF,0x7F
49.620650,0x065,0,0,1,0x00,0x00,0x00,0x00,0x00,0x00,0x00,0x00
49.817900,0x06F,0,0,8,0xB7,0x93,0xB0,0xB7,0xFE,0xF1,0x0F,0x80
49.818900,0x065,0,0,1,0x00,0x00,0x00,0x00,0x00,0x00,0x00,0x00
50.015900,0x06F,0,0,8,0xB7,0x93,0xB0,0x37,0xFF,0x01,0xF0,0x7F
50.016700,0x065,0,0,1,0x00,0x00,0x00,0x00,0x00,0x00,0x00,0x00
50.213900,0x06F,0,0,8,0xB7,0x9B,0x90,0xB7,0xFF,0x05,0xF0,0x7F
50.214900,0x065,0,0,1,0x00,0x00,0x00,0x00,0x00,0x00,0x00,0x00
50.411900,0x06F,0,0,8,0xB7,0x9B,0xB0,0x37,0xFE,0xFD,0xEF,0x7F
50.412900,0x065,0,0,1,0x00,0x00,0x00,0x00,0x00,0x00,0x00,0x00
50.609900,0x06F,0,0,8,0xB7,0x9B,0xB0,0xB7,0xFF,0x09,0xF0,0x7F
50.610950,0x065,0,0,1,0x00,0x00,0x00,0x00,0x00,0x00,0x00,0x00
50.807900,0x06F,0,0,8,0xB9,0x93,0xB0,0x37,0x00,0x0E,0xF0,0x7F
50.808950,0x065,0,0,1,0x00,0x00,0x00,0x00,0x00,0x00,0x00,0x00
51.005900,0x06F,0,0,8,0xB9,0x9B,0x90,0x37,0xFC,0xFD,0x6F,0x7F
51.006950,0x065,0,0,1,0x00,0x00,0x00,0x00,0x00,0x00,0x00,0x00
51.203900,0x06F,0,0,8,0xB7,0x93,0xB0,0x37,0xFE,0xF9,0x4F,0x7F
51.204950,0x065,0,0,1,0x00,0x00,0x00,0x00,0x00,0x00,0x00,0x00
51.401900,0x06F,0,0,8,0xB5,0x9B,0xB0,0x37,0xF8,0xB5,0xCF,0x7F
51.402900,0x065,0,0,1,0x00,0x00,0x00,0x00,0x00,0x00,0x00,0x00
51.599900,0x06F,0,0,8,0xB7,0x9B,0xF0,0x37,0xFE,0xF5,0x8F,0x7F
51.600900,0x065,0,0,1,0x00,0x00,0x00,0x00,0x00,0x00,0x00,0x00
51.797900,0x06F,0,0,8,0xB5,0x9B,0xB0,0x37,0xFF,0xFD,0xEF,0x7F
51.798900,0x065,0,0,1,0x00,0x00,0x00,0x00,0x00,0x00,0x00,0x00
51.995950,0x06F,0,0,8,0xB5,0xA3,0xD0,0x37,0xFF,0xFD,0xEF,0x7F
51.997050,0x065,0,0,1,0x00,0x00,0x00,0x00,0x00,0x00,0x00,0x00
52.193950,0x06F,0,0,8,0xB5,0x9B,0xD0,0x37,0x00,0xFE,0xEF,0x7F
52.194950,0x065,0,0,1,0x00,0x00,0x00,0x00,0x00,0x00,0x00,0x00
52.391950,0x06F,0,0,8,0xB5,0x9B,0xB0,0x37,0xFF,0xF9,0xEF,0x7F
52.590200,0x065,0,0,1,0x00,0x00,0x00,0x00,0x00,0x00,0x00,0x00
52.591550,0x06F,0,0,8,0xB5,0x9B,0xB0,0xB7,0xFE,0xFD,0xEF,0x7F
52.788200,0x065,0,0,1,0x00,0x00,0x00,0x00,0x00,0x00,0x00,0x00
52.789550,0x06F,0,0,8,0xB5,0x9B,0xB0,0xB7,0xFF,0xFD,0xEF,0x7F
52.986200,0x065,0,0,1,0x00,0x00,0x00,0x00,0x00,0x00,0x00,0x00
52.987700,0x06F,0,0,8,0xB5,0x9B,0xB0,0x37,0xFF,0xF9,0xEF,0x7F
53.184200,0x065,0,0,1,0x00,0x00,0x00,0x00,0x00,0x00,0x00,0x00
53.185550,0x06F,0,0,8,0xB5,0x9B,0xD0,0xB7,0xFE,0xF5,0xEF,0x7F
53.382200,0x065,0,0,1,0x00,0x00,0x00,0x00,0x00,0x00,0x00,0x00
53.383550,0x06F,0,0,8,0xB5,0x9B,0xD0,0x37,0x00,0x02,0xF0,0x7F
53.580200,0x065,0,0,1,0x00,0x00,0x00,0x00,0x00,0x00,0x00,0x00
53.581550,0x06F,0,0,8,0xB5,0x9B,0xD0,0xB7,0xFE,0xF9,0xEF,0x7F
53.778450,0x065,0,0,1,0x00,0x00,0x00,0x00,0x00,0x00,0x00,0x00
53.779550,0x06F,0,0,8,0xB5,0x9B,0xD0,0x37,0xFD,0xE1,0xCF,0x7F
53.976250,0x065,0,0,1,0x00,0x00,0x00,0x00,0x00,0x00,0x00,0x00
53.977700,0x06F,0,0,8,0xB5,0xA3,0xD0,0xB7,0x00,0xFE,0xCF,0x7F
54.174200,0x065,0,0,1,0x00,0x00,0x00,0x00,0x00,0x00,0x00,0x00
54.175550,0x06F,0,0,8,0xB5,0x9B,0xD0,0x37,0xFF,0xF1,0xEF,0x7F
54.372200,0x065,0,0,1,0x00,0x00,0x00,0x00,0x00,0x00,0x00,0x00
54.373550,0x06F,0,0,8,0xB5,0x9B,0xF0,0xB7,0xFE,0x05,0xF0,0x7F
54.570450,0x065,0,0,1,0x00,0x00,0x00,0x00,0x00,0x00,0x00,0x00
54.571550,0x06F,0,0,8,0xB3,0x9B,0xD0,0x37,0xFE,0xF5,0xEF,0x7F
54.768200,0x065,0,0,1,0x00,0x00,0x00,0x00,0x00,0x00,0x00,0x00
54.769600,0x06F,0,0,8,0xB3,0x9B,0xD0,0xB7,0xFF,0xF9,0xEF,0x7F
54.966450,0x065,0,0,1,0x00,0x00,0x00,0x00,0x00,0x00,0x00,0x00
54.967700,0x06F,0,0,8,0xB5,0x9B,0xD0,0xB7,0x00,0x06,0xF0,0x7F
55.164200,0x065,0,0,1,0x00,0x00,0x00,0x00,0x00,0x00,0x00,0x00
55.165600,0x06F,0,0,8,0xB5,0x9B,0xD0,0xB7,0xFF,0x01,0xF0,0x7F
55.362250,0x065,0,0,1,0x00,0x00,0x00,0x00,0x00,0x00,0x00,0x00
55.363600,0x06F,0,0,8,0xB5,0x9B,0xD0,0xB7,0xFE,0xFD,0xEF,0x7F
55.560450,0x065,0,0,1,0x00,0x00,0x00,0x00,0x00,0x00,0x00,0x00
55.561600,0x06F,0,0,8,0xB5,0x9B,0xD0,0xB7,0x00,0x02,0x10,0x80
55.758450,0x065,0,0,1,0x00,0x00,0x00,0x00,0x00,0x00,0x00,0x00
55.759600,0x06F,0,0,8,0xB5,0x9B,0xD0,0xB7,0xFF,0x09,0xF0,0x7F
55.956450,0x065,0,0,1,0x00,0x00,0x00,0x00,0x00,0x00,0x00,0x00
55.957750,0x06F,0,0,8,0xB5,0x9B,0xD0,0x37,0xFF,0x0D,0xF0,0x7F
56.154500,0x065,0,0,1,0x00,0x00,0x00,0x00,0x00,0x00,0x00,0x00
56.156000,0x06F,0,0,8,0xB7,0x9B,0xD0,0x37,0xFF,0x0D,0xF0,0x7F
56.352500,0x065,0,0,1,0x00,0x00,0x00,0x00,0x00,0x00,0x00,0x00
56.353600,0x06F,0,0,8,0xB7,0x9B,0xB0,0x37,0x00,0x0E,0xF0,0x7F
56.550250,0x065,0,0,1,0x00,0x00,0x00,0x00,0x00,0x00,0x00,0x00
56.551600,0x06F,0,0,8,0xB7,0x9B,0xD0,0xB7,0x00,0x0E,0xD0,0x7F
56.748450,0x065,0,0,1,0x00,0x00,0x00,0x00,0x00,0x00,0x00,0x00
56.749600,0x06F,0,0,8,0xB7,0x9B,0xB0,0xB7,0xFE,0xF5,0xEF,0x7F
56.946450,0x065,0,0,1,0x00,0x00,0x00,0x00,0x00,0x00,0x00,0x00
56.947700,0x06F,0,0,8,0xB7,0x9B,0xB0,0x37,0xFF,0xF9,0xEF,0x7F
57.144000,0x06F,0,0,8,0xB7,0x9B,0xD0,0xB7,0xFE,0xF9,0x2F,0x80
57.144600,0x065,0,0,1,0x00,0x00,0x00,0x00,0x00,0x00,0x00,0x00
57.342450,0x065,0,0,1,0x00,0x00,0x00,0x00,0x00,0x00,0x00,0x00
57.343600,0x06F,0,0,8,0xB5,0x9B,0xB0,0x37,0xFF,0x01,0xF0,0x7F
57.540500,0x065,0,0,1,0x00,0x00,0x00,0x00,0x00,0x00,0x00,0x00
57.541600,0x06F,0,0,8,0xB7,0x9B,0xB0,0x37,0xFF,0xF1,0xEF,0x7F
57.738500,0x065,0,0,1,0x00,0x00,0x00,0x00,0x00,0x00,0x00,0x00
57.739600,0x06F,0,0,8,0xB5,0x9B,0xB0,0x37,0xFE,0xE1,0xCF,0x7F
57.936500,0x065,0,0,1,0x00,0x00,0x00,0x00,0x00,0x00,0x00,0x00
57.937750,0x06F,0,0,8,0xB5,0x9B,0xD0,0xB7,0xFC,0xC5,0xCF,0x7F
58.134500,0x065,0,0,1,0x00,0x00,0x00,0x00,0x00,0x00,0x00,0x00
58.135600,0x06F,0,0,8,0xB3,0xA3,0xB0,0x37,0xF7,0x7D,0x4F,0x80
58.332000,0x06F,0,0,8,0xB1,0xA3,0xF0,0x37,0x00,0xBA,0x2F,0x80
58.332650,0x065,0,0,1,0x00,0x00,0x00,0x00,0x00,0x00,0x00,0x00
58.530500,0x065,0,0,1,0x00,0x00,0x00,0x00,0x00,0x00,0x00,0x00
58.531600,0x06F,0,0,8,0xB7,0x9B,0xB0,0x37,0x0B,0x5A,0xB0,0x82
58.728500,0x065,0,0,1,0x00,0x00,0x00,0x00,0x00,0x00,0x00,0x00
58.729600,0x06F,0,0,8,0xC5,0x6B,0x10,0xB7,0x2B,0xB2,0xD1,0x81
58.926050,0x06F,0,0,8,0xC3,0x83,0x30,0xB7,0x20,0x22,0xF1,0x8C
58.927350,0x065,0,0,1,0x00,0x00,0x00,0x00,0x00,0x00,0x00,0x00
59.124500,0x065,0,0,1,0x00,0x00,0x00,0x00,0x00,0x00,0x00,0x00
59.125650,0x06F,0,0,8,0xCF,0x73,0xF0,0xB6,0x01,0xFE,0x0F,0x81
59.322500,0x065,0,0,1,0x00,0x00,0x00,0x00,0x00,0x00,0x00,0x00
59.323650,0x06F,0,0,8,0xCF,0x73,0xF0,0xB6,0x00,0x06,0xB0,0x80
59.520000,0x06F,0,0,8,0xCF,0x73,0xF0,0xB6,0x00,0x06,0x70,0x81
59.520650,0x065,0,0,1,0x00,0x00,0x00,0x00,0x00,0x00,0x00,0x00
59.718000,0x06F,0,0,8,0xCF,0x73,0xF0,0x36,0x00,0x02,0x70,0x81
59.718650,0x065,0,0,1,0x00,0x00,0x00,0x00,0x00,0x00,0x00,0x00
59.916500,0x065,0,0,1,0x00,0x00,0x00,0x00,0x00,0x00,0x00,0x00
59.917800,0x06F,0,0,8,0xD1,0x73,0xF0,0x36,0x00,0x02,0x10,0x81
60.114000,0x06F,0,0,8,0xCF,0x7B,0xF0,0xB6,0xFF,0x01,0xB0,0x81
60.114650,0x065,0,0,1,0x00,0x00,0x00,0x00,0x00,0x00,0x00,0x00
60.312050,0x06F,0,0,8,0xD1,0x73,0xF0,0xB6,0xFF,0x01,0x70,0x80
60.312700,0x065,0,0,1,0x00,0x00,0x00,0x00,0x00,0x00,0x00,0x00
60.510500,0x065,0,0,1,0x00,0x00,0x00,0x00,0x00,0x00,0x00,0x00
60.510700,0x06F,0,0,8,0xD1,0x7B,0xF0,0x36,0xFF,0x01,0x90,0x81
60.708050,0x06F,0,0,8,0xD3,0x7B,0xF0,0xB6,0xFF,0x01,0x30,0x81
60.708700,0x065,0,0,1,0x00,0x00,0x00,0x00,0x00,0x00,0x00,0x00
60.906050,0x06F,0,0,8,0xD1,0x7B,0xF0,0xB6,0xFF,0x01,0xD0,0x80
60.906700,0x065,0,0,1,0x00,0x00,0x00,0x00,0x00,0x00,0x00,0x00
61.104050,0x06F,0,0,8,0xD1,0x7B,0xF0,0xB6,0xFF,0x01,0xD0,0x81
61.104700,0x065,0,0,1,0x00,0x00,0x00,0x00,0x00,0x00,0x00,0x00
61.302050,0x06F,0,0,8,0xD3,0x83,0xD0,0x36,0xFF,0x01,0x30,0x81
61.302650,0x065,0,0,1,0x00,0x00,0x00,0x00,0x00,0x00,0x00,0x00
61.500050,0x06F,0,0,8,0xD3,0x83,0xF0,0x36,0xFF,0x01,0x50,0x81
61.500650,0x065,0,0,1,0x00,0x00,0x00,0x00,0x00,0x00,0x00,0x00
61.698500,0x065,0,0,1,0x00,0x00,0x00,0x00,0x00,0x00,0x00,0x00
61.698650,0x06F,0,0,8,0xD3,0x83,0xF0,0x36,0xFF,0xFD,0x8F,0x81
61.896050,0x06F,0,0,8,0xD5,0x83,0xF0,0x36,0xFF,0xFD,0x2F,0x81
61.896700,0x065,0,0,1,0x00,0x00,0x00,0x00,0x00,0x00,0x00,0x00
62.094050,0x06F,0,0,8,0xD5,0x83,0xF0,0xB6,0xFE,0xF9,0x4F,0x81
62.094700,0x065,0,0,1,0x00,0x00,0x00,0x00,0x00,0x00,0x00,0x00
62.292050,0x06F,0,0,8,0xD5,0x8B,0xD0,0x36,0xFF,0xFD,0xEF,0x80
62.292700,0x065,0,0,1,0x00,0x00,0x00,0x00,0x00,0x00,0x00,0x00
62.490050,0x06F,0,0,8,0xD7,0x83,0xD0,0x36,0xFF,0x01,0x70,0x81
62.490700,0x065,0,0,1,0x00,0x00,0x00,0x00,0x00,0x00,0x00,0x00
62.688050,0x06F,0,0,8,0xD5,0x8B,0xD0,0x36,0xFF,0x01,0xB0,0x82
62.688700,0x065,0,0,1,0x00,0x00,0x00,0x00,0x00,0x00,0x00,0x00
62.886050,0x06F,0,0,8,0xD5,0x8B,0xD0,0xB6,0xFE,0xFD,0x6F,0x81
62.886950,0x065,0,0,1,0x00,0x00,0x00,0x00,0x00,0x00,0x00,0x00
63.084100,0x06F,0,0,8,0xD7,0x8B,0xD0,0xB6,0xFE,0xFD,0xEF,0x7F
63.084700,0x065,0,0,1,0x00,0x00,0x00,0x00,0x00,0x00,0x00,0x00
63.282050,0x06F,0,0,8,0xD7,0x8B,0xD0,0x36,0xFF,0xFD,0xEF,0x7F
63.282700,0x065,0,0,1,0x00,0x00,0x00,0x00,0x00,0x00,0x00,0x00
63.480050,0x06F,0,0,8,0xD7,0x8B,0xD0,0x36,0xFF,0xFD,0xEF,0x7F
63.480700,0x065,0,0,1,0x00,0x00,0x00,0x00,0x00,0x00,0x00,0x00
63.678050,0x06F,0,0,8,0xD7,0x8B,0xD0,0x36,0xFF,0xFD,0xEF,0x7F
63.678850,0x065,0,0,1,0x00,0x00,0x00,0x00,0x00,0x00,0x00,0x00
63.876050,0x06F,0,0,8,0xD7,0x8B,0xD0,0x36,0xFF,0xFD,0xEF,0x7F
63.876700,0x065,0,0,1,0x00,0x00,0x00,0x00,0x00,0x00,0x00,0x00
64.074050,0x06F,0,0,8,0xD7,0x8B,0xD0,0x36,0xFF,0xFD,0xEF,0x7F
64.074950,0x065,0,0,1,0x00,0x00,0x00,0x00,0x00,0x00,0x00,0x00
64.272050,0x06F,0,0,8,0xD7,0x8B,0xD0,0x36,0xFF,0xFD,0xEF,0x7F
64.272700,0x065,0,0,1,0x00,0x00,0x00,0x00,0x00,0x00,0x00,0x00
64.470100,0x06F,0,0,8,0xD7,0x8B,0xD0,0x36,0xFF,0xFD,0xEF,0x7F
64.470750,0x065,0,0,1,0x00,0x00,0x00,0x00,0x00,0x00,0x00,0x00
64.668100,0x06F,0,0,8,0xD7,0x8B,0xD0,0x36,0xFF,0xFD,0xEF,0x7F
64.668850,0x065,0,0,1,0x00,0x00,0x00,0x00,0x00,0x00,0x00,0x00
64.866100,0x06F,0,0,8,0xD7,0x8B,0xD0,0xB6,0xFF,0xFD,0xEF,0x7F
64.866850,0x065,0,0,1,0x00,0x00,0x00,0x00,0x00,0x00,0x00,0x00
65.064100,0x06F,0,0,8,0xD7,0x8B,0xD0,0xB6,0xFE,0x01,0xB0,0x80
65.064750,0x065,0,0,1,0x00,0x00,0x00,0x00,0x00,0x00,0x00,0x00
65.262100,0x06F,0,0,8,0xD7,0x8B,0xD0,0x36,0xFF,0x01,0xD0,0x80
65.262950,0x065,0,0,1,0x00,0x00,0x00,0x00,0x00,0x00,0x00,0x00
65.460100,0x06F,0,0,8,0xD7,0x8B,0xD0,0x36,0xFF,0xF9,0x2F,0x80
65.460950,0x065,0,0,1,0x00,0x00,0x00,0x00,0x00,0x00,0x00,0x00
65.658100,0x06F,0,0,8,0xD7,0x8B,0xD0,0x36,0xFF,0xFD,0x6F,0x80
65.658700,0x065,0,0,1,0x00,0x00,0x00,0x00,0x00,0x00,0x00,0x00
65.856100,0x06F,0,0,8,0xD9,0x8B,0xD0,0x36,0xFF,0x01,0xB0,0x80
65.856850,0x065,0,0,1,0x00,0x00,0x00,0x00,0x00,0x00,0x00,0x00
66.054100,0x06F,0,0,8,0xD7,0x8B,0xD0,0x36,0xFF,0xFD,0x8F,0x80
66.054850,0x065,0,0,1,0x00,0x00,0x00,0x00,0x00,0x00,0x00,0x00
66.252100,0x06F,0,0,8,0xD7,0x93,0xD0,0x36,0xFF,0xFD,0x8F,0x80
66.253100,0x065,0,0,1,0x00,0x00,0x00,0x00,0x00,0x00,0x00,0x00
66.450100,0x06F,0,0,8,0xD9,0x8B,0xD0,0xB6,0xFE,0xFD,0x0F,0x80
66.450950,0x065,0,0,1,0x00,0x00,0x00,0x00,0x00,0x00,0x00,0x00
66.648100,0x06F,0,0,8,0xD9,0x8B,0xD0,0x36,0xFF,0xFD,0xEF,0x7F
66.649000,0x065,0,0,1,0x00,0x00,0x00,0x00,0x00,0x00,0x00,0x00
66.846100,0x06F,0,0,8,0xD9,0x8B,0xD0,0x36,0xFF,0xFD,0xEF,0x7F
66.846750,0x065,0,0,1,0x00,0x00,0x00,0x00,0x00,0x00,0x00,0x00
67.044100,0x06F,0,0,8,0xD9,0x8B,0xD0,0x36,0xFF,0xFD,0xEF,0x7F
67.044900,0x065,0,0,1,0x00,0x00,0x00,0x00,0x00,0x00,0x00,0x00
67.242150,0x06F,0,0,8,0xD9,0x8B,0xD0,0x36,0xFF,0xFD,0xEF,0x7F
67.242900,0x065,0,0,1,0x00,0x00,0x00,0x00,0x00,0x00,0x00,0x00
67.440100,0x06F,0,0,8,0xD9,0x8B,0xD0,0x36,0xFF,0xFD,0xEF,0x7F
67.441150,0x065,0,0,1,0x00,0x00,0x00,0x00,0x00,0x00,0x00,0x00
67.638100,0x06F,0,0,8,0xD9,0x8B,0xD0,0x36,0xFF,0xFD,0xEF,0x7F
67.639000,0x065,0,0,1,0x00,0x00,0x00,0x00,0x00,0x00,0x00,0x00
67.836100,0x06F,0,0,8,0xD9,0x8B,0xD0,0x36,0xFF,0xFD,0xEF,0x7F
67.837000,0x065,0,0,1,0x00,0x00,0x00,0x00,0x00,0x00,0x00,0x00
68.034100,0x06F,0,0,8,0xD9,0x8B,0xD0,0x36,0xFF,0xFD,0xEF,0x7F
68.035150,0x065,0,0,1,0x00,0x00,0x00,0x00,0x00,0x00,0x00,0x00
68.232100,0x06F,0,0,8,0xD9,0x8B,0xD0,0xB6,0xFE,0xFD,0xEF,0x7F
68.232900,0x065,0,0,1,0x00,0x00,0x00,0x00,0x00,0x00,0x00,0x00
68.430100,0x06F,0,0,8,0xD9,0x8B,0xD0,0x36,0xFF,0xFD,0xEF,0x7F
68.430900,0x065,0,0,1,0x00,0x00,0x00,0x00,0x00,0x00,0x00,0x00
68.628150,0x06F,0,0,8,0xD9,0x8B,0xD0,0x36,0xFF,0xFD,0xEF,0x7F
68.629150,0x065,0,0,1,0x00,0x00,0x00,0x00,0x00,0x00,0x00,0x00
68.826150,0x06F,0,0,8,0xD9,0x8B,0xD0,0x36,0xFF,0xFD,0x6F,0x80
68.827150,0x065,0,0,1,0x00,0x00,0x00,0x00,0x00,0x00,0x00,0x00
69.024150,0x06F,0,0,8,0xD9,0x8B,0xD0,0x36,0xFF,0xFD,0x4F,0x80
69.025000,0x065,0,0,1,0x00,0x00,0x00,0x00,0x00,0x00,0x00,0x00
69.222150,0x06F,0,0,8,0xD9,0x93,0xD0,0x36,0xFF,0x01,0x70,0x80
69.223150,0x065,0,0,1,0x00,0x00,0x00,0x00,0x00,0x00,0x00,0x00
69.420150,0x06F,0,0,8,0xD9,0x93,0xD0,0xB6,0xFF,0xFD,0x2F,0x81
69.421150,0x065,0,0,1,0x00,0x00,0x00,0x00,0x00,0x00,0x00,0x00
69.618150,0x06F,0,0,8,0xD9,0x93,0xD0,0x36,0xFF,0xFD,0xAF,0x80
69.618950,0x065,0,0,1,0x00,0x00,0x00,0x00,0x00,0x00,0x00,0x00
69.816150,0x06F,0,0,8,0xD9,0x93,0xD0,0x36,0xFF,0xFD,0x0F,0x80
69.817150,0x065,0,0,1,0x00,0x00,0x00,0x00,0x00,0x00,0x00,0x00
70.014150,0x06F,0,0,8,0xD9,0x93,0xD0,0x36,0xFF,0xFD,0xEF,0x7F
70.015150,0x065,0,0,1,0x00,0x00,0x00,0x00,0x00,0x00,0x00,0x00
70.212150,0x06F,0,0,8,0xD9,0x93,0xD0,0x36,0xFF,0xFD,0xEF,0x7F
70.213000,0x065,0,0,1,0x00,0x00,0x00,0x00,0x00,0x00,0x00,0x00
70.410150,0x06F,0,0,8,0xD9,0x93,0xD0,0x36,0xFF,0xFD,0xEF,0x7F
70.411150,0x065,0,0,1,0x00,0x00,0x00,0x00,0x00,0x00,0x00,0x00
70.608150,0x06F,0,0,8,0xD9,0x93,0xD0,0x36,0xFF,0xFD,0xEF,0x7F
70.609150,0x065,0,0,1,0x00,0x00,0x00,0x00,0x00,0x00,0x00,0x00
70.806150,0x06F,0,0,8,0xD9,0x93,0xD0,0x36,0xFF,0xFD,0xEF,0x7F
70.807150,0x065,0,0,1,0x00,0x00,0x00,0x00,0x00,0x00,0x00,0x00
71.004150,0x06F,0,0,8,0xD9,0x93,0xD0,0x36,0xFF,0xFD,0xEF,0x7F
71.005150,0x065,0,0,1,0x00,0x00,0x00,0x00,0x00,0x00,0x00,0x00
71.202150,0x06F,0,0,8,0xD9,0x93,0xD0,0x36,0xFF,0xFD,0xEF,0x7F
71.203150,0x065,0,0,1,0x00,0x00,0x00,0x00,0x00,0x00,0x00,0x00
71.400200,0x06F,0,0,8,0xD9,0x93,0xD0,0x36,0xFF,0xFD,0xEF,0x7F
71.401200,0x065,0,0,1,0x00,0x00,0x00,0x00,0x00,0x00,0x00,0x00
71.598200,0x06F,0,0,8,0xD9,0x93,0xD0,0x36,0xFF,0xFD,0xEF,0x7F
71.599200,0x065,0,0,1,0x00,0x00,0x00,0x00,0x00,0x00,0x00,0x00
71.796150,0x06F,0,0,8,0xD9,0x93,0xD0,0x36,0xFF,0xFD,0xEF,0x7F
71.797200,0x065,0,0,1,0x00,0x00,0x00,0x00,0x00,0x00,0x00,0x00
71.994150,0x06F,0,0,8,0xD9,0x93,0xD0,0x36,0xFF,0xFD,0xEF,0x7F
71.995350,0x065,0,0,1,0x00,0x00,0x00,0x00,0x00,0x00,0x00,0x00
72.192150,0x06F,0,0,8,0xD9,0x93,0xD0,0x36,0xFF,0xFD,0xEF,0x7F
72.390450,0x065,0,0,1,0x00,0x00,0x00,0x00,0x00,0x00,0x00,0x00
72.391700,0x06F,0,0,8,0xD9,0x93,0xD0,0x36,0xFF,0xFD,0xEF,0x7F
72.588450,0x065,0,0,1,0x00,0x00,0x00,0x00,0x00,0x00,0x00,0x00
72.589700,0x06F,0,0,8,0xD9,0x93,0xD0,0x36,0xFF,0xFD,0xEF,0x7F
72.786650,0x065,0,0,1,0x00,0x00,0x00,0x00,0x00,0x00,0x00,0x00
72.787700,0x06F,0,0,8,0xD9,0x93,0xD0,0x36,0xFF,0xFD,0xEF,0x7F
72.984450,0x065,0,0,1,0x00,0x00,0x00,0x00,0x00,0x00,0x00,0x00
72.985950,0x06F,0,0,8,0xD9,0x93,0xD0,0x36,0xFF,0xFD,0xEF,0x7F
73.182450,0x065,0,0,1,0x00,0x00,0x00,0x00,0x00,0x00,0x00,0x00
73.183700,0x06F,0,0,8,0xD9,0x93,0xD0,0x36,0xFF,0xFD,0xEF,0x7F
73.380450,0x065,0,0,1,0x00,0x00,0x00,0x00,0x00,0x00,0x00,0x00
73.381700,0x06F,0,0,8,0xD9,0x93,0xD0,0xB6,0xFE,0xFD,0xEF,0x7F
73.578450,0x065,0,0,1,0x00,0x00,0x00,0x00,0x00,0x00,0x00,0x00
73.579700,0x06F,0,0,8,0xD9,0x93,0xD0,0x36,0xFF,0xFD,0xEF,0x7F
73.776450,0x065,0,0,1,0x00,0x00,0x00,0x00,0x00,0x00,0x00,0x00
73.777700,0x06F,0,0,8,0xD9,0x93,0xD0,0xB6,0xFE,0xFD,0xEF,0x7F
73.974650,0x065,0,0,1,0x00,0x00,0x00,0x00,0x00,0x00,0x00,0x00
73.975950,0x06F,0,0,8,0xD9,0x93,0xD0,0x36,0xFF,0xFD,0xEF,0x7F
74.172450,0x065,0,0,1,0x00,0x00,0x00,0x00,0x00,0x00,0x00,0x00
74.173750,0x06F,0,0,8,0xD9,0x93,0xD0,0x36,0xFF,0xFD,0xEF,0x7F
74.370700,0x065,0,0,1,0x00,0x00,0x00,0x00,0x00,0x00,0x00,0x00
74.371750,0x06F,0,0,8,0xD9,0x93,0xD0,0x36,0xFF,0xFD,0xEF,0x7F
74.568700,0x065,0,0,1,0x00,0x00,0x00,0x00,0x00,0x00,0x00,0x00
74.569750,0x06F,0,0,8,0xD9,0x93,0xD0,0x36,0xFF,0xFD,0xEF,0x7F
74.766500,0x065,0,0,1,0x00,0x00,0x00,0x00,0x00,0x00,0x00,0x00
74.767750,0x06F,0,0,8,0xD9,0x93,0xD0,0x36,0xFF,0xFD,0xEF,0x7F
74.964500,0x065,0,0,1,0x00,0x00,0x00,0x00,0x00,0x00,0x00,0x00
74.965950,0x06F,0,0,8,0xD9,0x93,0xD0,0x36,0xFF,0xFD,0xEF,0x7F
75.162700,0x065,0,0,1,0x00,0x00,0x00,0x00,0x00,0x00,0x00,0x00
75.163750,0x06F,0,0,8,0xD9,0x93,0xD0,0x36,0xFF,0xFD,0xEF,0x7F
75.360700,0x065,0,0,1,0x00,0x00,0x00,0x00,0x00,0x00,0x00,0x00
75.361750,0x06F,0,0,8,0xD9,0x93,0xD0,0x36,0xFF,0xFD,0xEF,0x7F
75.558700,0x065,0,0,1,0x00,0x00,0x00,0x00,0x00,0x00,0x00,0x00
75.559750,0x06F,0,0,8,0xD9,0x93,0xD0,0x36,0xFF,0xFD,0xEF,0x7F
75.756700,0x065,0,0,1,0x00,0x00,0x00,0x00,0x00,0x00,0x00,0x00
75.757750,0x06F,0,0,8,0xD9,0x93,0xD0,0x36,0xFF,0xFD,0xEF,0x7F
75.954450,0x065,0,0,1,0x00,0x00,0x00,0x00,0x00,0x00,0x00,0x00
75.955950,0x06F,0,0,8,0xD9,0x93,0xD0,0x36,0xFF,0xFD,0xEF,0x7F
76.152500,0x065,0,0,1,0x00,0x00,0x00,0x00,0x00,0x00,0x00,0x00
76.153750,0x06F,0,0,8,0xD9,0x93,0xD0,0x36,0xFF,0xFD,0x4F,0x80
76.350700,0x065,0,0,1,0x00,0x00,0x00,0x00,0x00,0x00,0x00,0x00
76.351750,0x06F,0,0,8,0xD9,0x93,0xD0,0x36,0xFF,0xFD,0x2F,0x80
76.548700,0x065,0,0,1,0x00,0x00,0x00,0x00,0x00,0x00,0x00,0x00
76.549750,0x06F,0,0,8,0xDB,0x93,0xD0,0x36,0xFF,0xFD,0x2F,0x80
76.746700,0x065,0,0,1,0x00,0x00,0x00,0x00,0x00,0x00,0x00,0x00
76.747750,0x06F,0,0,8,0xDB,0x93,0xD0,0xB6,0xFE,0xFD,0xAF,0x80
76.944750,0x065,0,0,1,0x00,0x00,0x00,0x00,0x00,0x00,0x00,0x00
76.946000,0x06F,0,0,8,0xDB,0x93,0xD0,0x36,0xFF,0x01,0xB0,0x80
77.142750,0x065,0,0,1,0x00,0x00,0x00,0x00,0x00,0x00,0x00,0x00
77.143750,0x06F,0,0,8,0xDB,0x93,0xD0,0x36,0xFF,0xFD,0x2F,0x80
77.340750,0x065,0,0,1,0x00,0x00,0x00,0x00,0x00,0x00,0x00,0x00
77.341750,0x06F,0,0,8,0xDB,0x93,0xD0,0x36,0xFF,0xFD,0x2F,0x80
77.538750,0x065,0,0,1,0x00,0x00,0x00,0x00,0x00,0x00,0x00,0x00
77.539750,0x06F,0,0,8,0xDB,0x93,0xD0,0x36,0xFF,0xFD,0xEF,0x7F
77.736700,0x065,0,0,1,0x00,0x00,0x00,0x00,0x00,0x00,0x00,0x00
77.737750,0x06F,0,0,8,0xFB,0xDB,0x30,0xB6,0x4C,0xBE,0x6F,0x42
77.934250,0x06F,0,0,8,0xB5,0xA3,0x70,0x35,0xE1,0x01,0xE0,0x9D
77.934900,0x065,0,0,1,0x00,0x00,0x00,0x00,0x00,0x00,0x00,0x00
78.132700,0x065,0,0,1,0x00,0x00,0x00,0x00,0x00,0x00,0x00,0x00
78.133800,0x06F,0,0,8,0x59,0xB3,0x0F,0xC5,0xA1,0x01,0x00,0x71
78.330750,0x065,0,0,1,0x00,0x00,0x00,0x00,0x00,0x00,0x00,0x00
78.331800,0x06F,0,0,8,0xA3,0x8B,0x90,0x4A,0xD3,0x49,0xA7,0x76
78.528700,0x065,0,0,1,0x00,0x00,0x00,0x00,0x00,0x00,0x00,0x00
78.529800,0x06F,0,0,8,0xFB,0xAB,0xAF,0x49,0x5F,0xF1,0x06,0x7E
78.726750,0x065,0,0,1,0x00,0x00,0x00,0x00,0x00,0x00,0x00,0x00
78.727800,0x06F,0,0,8,0xF5,0xEB,0xCE,0x46,0x83,0x19,0x4C,0x88
78.924250,0x06F,0,0,8,0xDF,0xEB,0xED,0xC3,0x6D,0x05,0x91,0x84
78.924900,0x065,0,0,1,0x00,0x00,0x00,0x00,0x00,0x00,0x00,0x00
79.122250,0x06F,0,0,8,0xFF,0xBB,0xED,0xC4,0xC8,0x75,0x10,0x81
79.122900,0x065,0,0,1,0x00,0x00,0x00,0x00,0x00,0x00,0x00,0x00
79.320750,0x065,0,0,1,0x00,0x00,0x00,0x00,0x00,0x00,0x00,0x00
79.321800,0x06F,0,0,8,0x2B,0x94,0x4E,0x49,0xBC,0x27,0xAA,0x58
79.518750,0x065,0,0,1,0x00,0x00,0x00,0x00,0x00,0x00,0x00,0x00
79.519800,0x06F,0,0,8,0x51,0x14,0x8F,0x49,0xA7,0xC9,0x6A,0x8D
79.716300,0x06F,0,0,8,0x39,0x4C,0x0E,0x45,0xF8,0x28,0x10,0x8B
79.716900,0x065,0,0,1,0x00,0x00,0x00,0x00,0x00,0x00,0x00,0x00
79.914750,0x065,0,0,1,0x00,0x00,0x00,0x00,0x00,0x00,0x00,0x00
79.916650,0x06F,0,0,8,0x2D,0xE4,0x4D,0xC4,0xC4,0x8D,0x0F,0x84
80.112250,0x06F,0,0,8,0x2B,0xBC,0x0D,0x43,0xD7,0x7D,0xF0,0x84
80.112900,0x065,0,0,1,0x00,0x00,0x00,0x00,0x00,0x00,0x00,0x00
80.310250,0x06F,0,0,8,0x25,0xB4,0x6D,0xC2,0x07,0x5E,0x30,0x7E
80.310900,0x065,0,0,1,0x00,0x00,0x00,0x00,0x00,0x00,0x00,0x00
80.508250,0x06F,0,0,8,0x1F,0xC4,0x6D,0x42,0x6E,0x3A,0xF1,0x80
80.508900,0x065,0,0,1,0x00,0x00,0x00,0x00,0x00,0x00,0x00,0x00
80.706750,0x065,0,0,1,0x00,0x00,0x00,0x00,0x00,0x00,0x00,0x00
80.706900,0x06F,0,0,8,0x17,0xE4,0x6D,0x45,0x4A,0xDE,0x11,0x88
80.904250,0x06F,0,0,8,0x13,0xDC,0x6D,0xC6,0x00,0xDA,0x0F,0x7D
80.904900,0x065,0,0,1,0x00,0x00,0x00,0x00,0x00,0x00,0x00,0x00
81.102750,0x065,0,0,1,0x00,0x00,0x00,0x00,0x00,0x00,0x00,0x00
81.103900,0x06F,0,0,8,0x1F,0xDC,0x6D,0xC5,0x1B,0xB6,0x50,0x7D
81.300300,0x06F,0,0,8,0x01,0x5C,0x2E,0x46,0x11,0xE2,0x2E,0x72
81.300950,0x065,0,0,1,0x00,0x00,0x00,0x00,0x00,0x00,0x00,0x00
81.498300,0x06F,0,0,8,0x21,0x34,0xEE,0xC6,0xD8,0x11,0x4F,0x7E
81.498950,0x065,0,0,1,0x00,0x00,0x00,0x00,0x00,0x00,0x00,0x00
81.696300,0x06F,0,0,8,0x23,0x34,0x0E,0xC6,0x07,0x2E,0x70,0x82
81.696950,0x065,0,0,1,0x00,0x00,0x00,0x00,0x00,0x00,0x00,0x00
81.894300,0x06F,0,0,8,0x1F,0x54,0x4E,0x46,0x0C,0x1A,0x52,0x74
81.894950,0x065,0,0,1,0x00,0x00,0x00,0x00,0x00,0x00,0x00,0x00
82.092300,0x06F,0,0,8,0x31,0x24,0x8E,0x46,0x18,0x42,0x92,0x68
82.092950,0x065,0,0,1,0x00,0x00,0x00,0x00,0x00,0x00,0x00,0x00
82.290300,0x06F,0,0,8,0x27,0x9C,0x6E,0x47,0x44,0x5A,0x11,0x85
82.291150,0x065,0,0,1,0x00,0x00,0x00,0x00,0x00,0x00,0x00,0x00
82.488300,0x06F,0,0,8,0x19,0x8C,0xCE,0x47,0x22,0x4A,0xD0,0x74
82.488950,0x065,0,0,1,0x00,0x00,0x00,0x00,0x00,0x00,0x00,0x00
82.686300,0x06F,0,0,8,0x21,0xBC,0x2E,0xC8,0xC9,0xA5,0x2E,0x76
82.686950,0x065,0,0,1,0x00,0x00,0x00,0x00,0x00,0x00,0x00,0x00
82.884300,0x06F,0,0,8,0x2B,0x94,0x0E,0xC8,0xA2,0xF9,0xEF,0x83
82.884950,0x065,0,0,1,0x00,0x00,0x00,0x00,0x00,0x00,0x00,0x00
83.082300,0x06F,0,0,8,0x29,0x7C,0x0E,0xC7,0xFB,0xD1,0x2E,0x82
83.083100,0x065,0,0,1,0x00,0x00,0x00,0x00,0x00,0x00,0x00,0x00
83.280300,0x06F,0,0,8,0x2F,0x64,0xEE,0xC6,0xF4,0x19,0x8F,0x81
83.280950,0x065,0,0,1,0x00,0x00,0x00,0x00,0x00,0x00,0x00,0x00
83.478300,0x06F,0,0,8,0x39,0x64,0x0E,0x46,0xCF,0xC5,0xEE,0x7F
83.479200,0x065,0,0,1,0x00,0x00,0x00,0x00,0x00,0x00,0x00,0x00
83.676300,0x06F,0,0,8,0x39,0x0C,0xEE,0x44,0xBB,0x8D,0x0E,0x74
83.677200,0x065,0,0,1,0x00,0x00,0x00,0x00,0x00,0x00,0x00,0x00
83.874350,0x06F,0,0,8,0x49,0x0C,0xCE,0x43,0x1F,0xC2,0x8D,0x7D
83.874950,0x065,0,0,1,0x00,0x00,0x00,0x00,0x00,0x00,0x00,0x00
84.072350,0x06F,0,0,8,0x59,0x14,0x2E,0xC4,0xD8,0xC9,0x8E,0x86
84.072950,0x065,0,0,1,0x00,0x00,0x00,0x00,0x00,0x00,0x00,0x00
84.270300,0x06F,0,0,8,0x4F,0x24,0x8E,0xC2,0x3B,0x25,0xEF,0x9D
84.271100,0x065,0,0,1,0x00,0x00,0x00,0x00,0x00,0x00,0x00,0x00
84.468300,0x06F,0,0,8,0x35,0xBC,0x4D,0x40,0xCF,0x15,0x4F,0x8B
84.469100,0x065,0,0,1,0x00,0x00,0x00,0x00,0x00,0x00,0x00,0x00
84.666300,0x06F,0,0,8,0x31,0xAC,0x8D,0x40,0x32,0x9E,0x11,0x7F
84.667200,0x065,0,0,1,0x00,0x00,0x00,0x00,0x00,0x00,0x00,0x00
84.864300,0x06F,0,0,8,0x31,0xEC,0x6D,0x43,0x8A,0x16,0xD2,0x74
84.865200,0x065,0,0,1,0x00,0x00,0x00,0x00,0x00,0x00,0x00,0x00
85.062300,0x06F,0,0,8,0x3D,0x34,0x6E,0xC5,0x8F,0x5A,0xAF,0x73
85.062950,0x065,0,0,1,0x00,0x00,0x00,0x00,0x00,0x00,0x00,0x00
85.260350,0x06F,0,0,8,0x49,0x54,0xAE,0xC5,0x54,0xE7,0x8E,0x70
85.261100,0x065,0,0,1,0x00,0x00,0x00,0x00,0x00,0x00,0x00,0x00
85.458350,0x06F,0,0,8,0x4D,0xD4,0xEF,0xC9,0xEE,0x51,0xD0,0x79
85.459100,0x065,0,0,1,0x00,0x00,0x00,0x00,0x00,0x00,0x00,0x00
85.656350,0x06F,0,0,8,0x41,0xBC,0xCF,0xC8,0x73,0xB1,0x6F,0x87
85.657100,0x065,0,0,1,0x00,0x00,0x00,0x00,0x00,0x00,0x00,0x00
85.854350,0x06F,0,0,8,0x39,0xC4,0xEE,0x48,0x9A,0x31,0x72,0x76
85.855200,0x065,0,0,1,0x00,0x00,0x00,0x00,0x00,0x00,0x00,0x00
86.052350,0x06F,0,0,8,0x35,0xDC,0xCE,0xC7,0xB8,0xC5,0x6F,0x89
86.053200,0x065,0,0,1,0x00,0x00,0x00,0x00,0x00,0x00,0x00,0x00
86.250350,0x06F,0,0,8,0x33,0xB4,0x6E,0xC7,0x18,0xFA,0x32,0x8C
86.251200,0x065,0,0,1,0x00,0x00,0x00,0x00,0x00,0x00,0x00,0x00
86.448350,0x06F,0,0,8,0x29,0xAC,0x4E,0xC7,0x2A,0xBA,0xD0,0x7B
86.449150,0x065,0,0,1,0x00,0x00,0x00,0x00,0x00,0x00,0x00,0x00
86.646350,0x06F,0,0,8,0x33,0xA4,0xCE,0xC7,0xDB,0x19,0x0F,0x86
86.647150,0x065,0,0,1,0x00,0x00,0x00,0x00,0x00,0x00,0x00,0x00
86.844350,0x06F,0,0,8,0x2F,0x9C,0x8E,0x47,0x28,0xB2,0x10,0x90
86.845100,0x065,0,0,1,0x00,0x00,0x00,0x00,0x00,0x00,0x00,0x00
87.042350,0x06F,0,0,8,0x25,0x14,0x8F,0x46,0x4C,0x8A,0xF0,0x92
87.043350,0x065,0,0,1,0x00,0x00,0x00,0x00,0x00,0x00,0x00,0x00
87.240350,0x06F,0,0,8,0xF9,0xE3,0x0D,0x49,0xF6,0xDD,0x4F,0x7B
87.241200,0x065,0,0,1,0x00,0x00,0x00,0x00,0x00,0x00,0x00,0x00
87.438350,0x06F,0,0,8,0x25,0x0C,0xAF,0x47,0x03,0x6A,0x4E,0x85
87.439250,0x065,0,0,1,0x00,0x00,0x00,0x00,0x00,0x00,0x00,0x00
87.636350,0x06F,0,0,8,0x2B,0x2C,0x0F,0x49,0xD6,0x89,0x90,0x88
87.637150,0x065,0,0,1,0x00,0x00,0x00,0x00,0x00,0x00,0x00,0x00
87.835100,0x065,0,0,1,0x00,0x00,0x00,0x00,0x00,0x00,0x00,0x00
87.836400,0x06F,0,0,8,0x27,0xAC,0x4E,0x46,0xF8,0xFD,0xEF,0x8A
88.032400,0x06F,0,0,8,0x27,0xEC,0xAE,0x48,0x0A,0x06,0x2F,0x88
88.033150,0x065,0,0,1,0x00,0x00,0x00,0x00,0x00,0x00,0x00,0x00
88.230400,0x06F,0,0,8,0x21,0x8C,0xEE,0xC7,0x10,0x42,0xCF,0x80
88.231400,0x065,0,0,1,0x00,0x00,0x00,0x00,0x00,0x00,0x00,0x00
88.428400,0x06F,0,0,8,0x2B,0xBC,0x0E,0x48,0xEB,0xC5,0x8F,0x7B
88.429250,0x065,0,0,1,0x00,0x00,0x00,0x00,0x00,0x00,0x00,0x00
88.626350,0x06F,0,0,8,0x0B,0x5C,0xCE,0x48,0xF5,0xC9,0xEF,0x82
88.627250,0x065,0,0,1,0x00,0x00,0x00,0x00,0x00,0x00,0x00,0x00
88.824350,0x06F,0,0,8,0x27,0xBC,0x0E,0x48,0x10,0xEE,0xAF,0x7E
88.825400,0x065,0,0,1,0x00,0x00,0x00,0x00,0x00,0x00,0x00,0x00
89.022350,0x06F,0,0,8,0x2B,0xB4,0xCE,0x47,0xF3,0x51,0xF0,0x7C
89.023150,0x065,0,0,1,0x00,0x00,0x00,0x00,0x00,0x00,0x00,0x00
89.220350,0x06F,0,0,8,0x2B,0xAC,0x0E,0xC8,0x03,0xEA,0x2F,0x7A
89.221350,0x065,0,0,1,0x00,0x00,0x00,0x00,0x00,0x00,0x00,0x00
89.418400,0x06F,0,0,8,0x31,0xCC,0x4E,0xC8,0xFF,0xE5,0xAF,0x86
89.419350,0x065,0,0,1,0x00,0x00,0x00,0x00,0x00,0x00,0x00,0x00
89.616400,0x06F,0,0,8,0x25,0xA4,0xCE,0x47,0x18,0xAE,0xEF,0x85
89.617400,0x065,0,0,1,0x00,0x00,0x00,0x00,0x00,0x00,0x00,0x00
89.814400,0x06F,0,0,8,0x19,0x8C,0x6E,0xC7,0xC3,0xD1,0xCF,0x7F
89.815400,0x065,0,0,1,0x00,0x00,0x00,0x00,0x00,0x00,0x00,0x00
