timestamps,CAN_DataFrame.CAN_DataFrame.BusChannel,CAN_DataFrame.CAN_DataFrame.ID,CAN_DataFrame.CAN_DataFrame.IDE,CAN_DataFrame.CAN_DataFrame.DLC,CAN_DataFrame.CAN_DataFrame.DataLength,CAN_DataFrame.CAN_DataFrame.DataBytes,CAN_DataFrame.CAN_DataFrame.Dir
2.8935999999999997,9.0,101,0.0,1,1.0,[0 0 0 0 0 0 0 0],0.0
2.8949499999999997,9.0,111,0.0,8,8.0,[105  68 175  58  19  70 145 141],0.0
3.09185,9.0,101,0.0,1,1.0,[0 0 0 0 0 0 0 0],0.0
3.09285,9.0,111,0.0,8,8.0,[111 252 238 184  87 242 142 155],0.0
3.2935999999999996,9.0,101,0.0,1,1.0,[0 0 0 0 0 0 0 0],0.0
3.2948999999999997,9.0,111,0.0,8,8.0,[ 89 140 238 185  57  34 243 135],0.0
3.4858499999999997,9.0,101,0.0,1,1.0,[0 0 0 0 0 0 0 0],0.0
3.48685,9.0,111,0.0,8,8.0,[ 83 164 142  58 232   1 210 143],0.0
3.6838499999999996,9.0,101,0.0,1,1.0,[0 0 0 0 0 0 0 0],0.0
3.68485,9.0,111,0.0,8,8.0,[ 79  68 174 187 238  57 239 164],0.0
3.88135,9.0,111,0.0,8,8.0,[ 49 220  45  59  84  18 211 148],0.0
3.8819999999999997,9.0,101,0.0,1,1.0,[0 0 0 0 0 0 0 0],0.0
4.0798499999999995,9.0,101,0.0,1,1.0,[0 0 0 0 0 0 0 0],0.0
4.0808,9.0,111,0.0,8,8.0,[ 59 172 173 191 124  98  20 130],0.0
4.27785,9.0,101,0.0,1,1.0,[0 0 0 0 0 0 0 0],0.0
4.2787999999999995,9.0,111,0.0,8,8.0,[ 59 164  77  64 112 218  52 123],0.0
4.475849999999999,9.0,101,0.0,1,1.0,[0 0 0 0 0 0 0 0],0.0
4.4768,9.0,111,0.0,8,8.0,[ 69 164 109  66  17 130 242 129],0.0
4.67385,9.0,101,0.0,1,1.0,[0 0 0 0 0 0 0 0],0.0
4.674799999999999,9.0,111,0.0,8,8.0,[ 55 236  77 194  33 106 113 135],0.0
4.871849999999999,9.0,101,0.0,1,1.0,[0 0 0 0 0 0 0 0],0.0
4.8729499999999994,9.0,111,0.0,8,8.0,[ 35 180 109  66 221 129 112 142],0.0
5.06935,9.0,111,0.0,8,8.0,[ 15 116  45  66   8 206 209 132],0.0
5.069999999999999,9.0,101,0.0,1,1.0,[0 0 0 0 0 0 0 0],0.0
5.2673499999999995,9.0,111,0.0,8,8.0,[  7 172 237 194 247 169 114 129],0.0
5.268,9.0,101,0.0,1,1.0,[0 0 0 0 0 0 0 0],0.0
5.46585,9.0,101,0.0,1,1.0,[0 0 0 0 0 0 0 0],0.0
5.46685,9.0,111,0.0,8,8.0,[  5 124 173  65 195  17  48 129],0.0
5.663399999999999,9.0,111,0.0,8,8.0,[ 13 140  77  66 253 141  16 126],0.0
5.66405,9.0,101,0.0,1,1.0,[0 0 0 0 0 0 0 0],0.0
5.86185,9.0,101,0.0,1,1.0,[0 0 0 0 0 0 0 0],0.0
5.8629999999999995,9.0,111,0.0,8,8.0,[243 179 205  65  33 130 112 128],0.0
6.0599,9.0,101,0.0,1,1.0,[0 0 0 0 0 0 0 0],0.0
6.0607999999999995,9.0,111,0.0,8,8.0,[251 155 205  66  41 146 112 127],0.0
6.2574,9.0,111,0.0,8,8.0,[253 187 141 195 238  33  80 126],0.0
6.25805,9.0,101,0.0,1,1.0,[0 0 0 0 0 0 0 0],0.0
6.4554,9.0,111,0.0,8,8.0,[255 163 237 194   5  74 112 125],0.0
6.4559999999999995,9.0,101,0.0,1,1.0,[0 0 0 0 0 0 0 0],0.0
6.653849999999999,9.0,101,0.0,1,1.0,[0 0 0 0 0 0 0 0],0.0
6.65485,9.0,111,0.0,8,8.0,[  3 172 205  67  44  74  48 121],0.0
6.8514,9.0,111,0.0,8,8.0,[  9 212  77 196   5 230 111 122],0.0
6.851999999999999,9.0,101,0.0,1,1.0,[0 0 0 0 0 0 0 0],0.0
7.0493999999999994,9.0,111,0.0,8,8.0,[ 15 172 173  67 250 177  79 119],0.0
7.05005,9.0,101,0.0,1,1.0,[0 0 0 0 0 0 0 0],0.0
7.24785,9.0,101,0.0,1,1.0,[0 0 0 0 0 0 0 0],0.0
7.247999999999999,9.0,111,0.0,8,8.0,[ 23 180 173  67 236 105 207 137],0.0
7.445399999999999,9.0,111,0.0,8,8.0,[ 15 220  77  68 233  21 208 128],0.0
7.44605,9.0,101,0.0,1,1.0,[0 0 0 0 0 0 0 0],0.0
7.6434,9.0,111,0.0,8,8.0,[ 13 188 109  67 231  21 112 124],0.0
7.64405,9.0,101,0.0,1,1.0,[0 0 0 0 0 0 0 0],0.0
7.841399999999999,9.0,111,0.0,8,8.0,[ 25 132  77  67 243 197 176 129],0.0
7.8420499999999995,9.0,101,0.0,1,1.0,[0 0 0 0 0 0 0 0],0.0
8.039399999999999,9.0,111,0.0,8,8.0,[  5 164 237  66 245 241  80 133],0.0
8.040049999999999,9.0,101,0.0,1,1.0,[0 0 0 0 0 0 0 0],0.0
8.2374,9.0,111,0.0,8,8.0,[  1 164  13 195 251  53 240 129],0.0
8.23805,9.0,101,0.0,1,1.0,[0 0 0 0 0 0 0 0],0.0
8.4354,9.0,111,0.0,8,8.0,[253 171 237  66 244 197  47 131],0.0
8.4363,9.0,101,0.0,1,1.0,[0 0 0 0 0 0 0 0],0.0
8.6334,9.0,111,0.0,8,8.0,[253 171 237 194 254 233 207 127],0.0
8.63405,9.0,101,0.0,1,1.0,[0 0 0 0 0 0 0 0],0.0
8.8314,9.0,111,0.0,8,8.0,[  1 164 173 194   9 246 143 125],0.0
8.832049999999999,9.0,101,0.0,1,1.0,[0 0 0 0 0 0 0 0],0.0
9.029399999999999,9.0,111,0.0,8,8.0,[  3 140 205  66 254 241  47 125],0.0
9.03005,9.0,101,0.0,1,1.0,[0 0 0 0 0 0 0 0],0.0
9.2274,9.0,111,0.0,8,8.0,[  3 188 173 194   7  14 240 125],0.0
9.22805,9.0,101,0.0,1,1.0,[0 0 0 0 0 0 0 0],0.0
9.4254,9.0,111,0.0,8,8.0,[ 11 148  45 195  10 166 175 124],0.0
9.42605,9.0,101,0.0,1,1.0,[0 0 0 0 0 0 0 0],0.0
9.6234,9.0,111,0.0,8,8.0,[  5 188 237  66   0 190 175 128],0.0
9.6243,9.0,101,0.0,1,1.0,[0 0 0 0 0 0 0 0],0.0
9.821449999999999,9.0,111,0.0,8,8.0,[ 13 180  77 195 253 249 143 127],0.0
9.822099999999999,9.0,101,0.0,1,1.0,[0 0 0 0 0 0 0 0],0.0
10.019449999999999,9.0,111,0.0,8,8.0,[ 13 156  13 195   5 210 207 128],0.0
10.0201,9.0,101,0.0,1,1.0,[0 0 0 0 0 0 0 0],0.0
10.21745,9.0,111,0.0,8,8.0,[ 13 172  77  67   3 218 175 127],0.0
10.2182,9.0,101,0.0,1,1.0,[0 0 0 0 0 0 0 0],0.0
10.41545,9.0,111,0.0,8,8.0,[ 15 188 109  67 254 245  79 127],0.0
10.41625,9.0,101,0.0,1,1.0,[0 0 0 0 0 0 0 0],0.0
10.61345,9.0,111,0.0,8,8.0,[ 15 172  45 195 255 253 239 127],0.0
10.614049999999999,9.0,101,0.0,1,1.0,[0 0 0 0 0 0 0 0],0.0
10.811449999999999,9.0,111,0.0,8,8.0,[ 15 172 109 195 254 241 239 127],0.0
10.812299999999999,9.0,101,0.0,1,1.0,[0 0 0 0 0 0 0 0],0.0
11.00945,9.0,111,0.0,8,8.0,[ 13 172  77  67 252 249  47 128],0.0
11.010299999999999,9.0,101,0.0,1,1.0,[0 0 0 0 0 0 0 0],0.0
11.20745,9.0,111,0.0,8,8.0,[ 15 156  45  67   3 250 143 128],0.0
11.2081,9.0,101,0.0,1,1.0,[0 0 0 0 0 0 0 0],0.0
11.40545,9.0,111,0.0,8,8.0,[ 13 188  77 195 250   1 112 127],0.0
11.4062,9.0,101,0.0,1,1.0,[0 0 0 0 0 0 0 0],0.0
11.603449999999999,9.0,111,0.0,8,8.0,[ 11 180  77 195   1 214 239 127],0.0
11.604199999999999,9.0,101,0.0,1,1.0,[0 0 0 0 0 0 0 0],0.0
11.801449999999999,9.0,111,0.0,8,8.0,[ 17 156  77 195   7 194 239 127],0.0
11.80245,9.0,101,0.0,1,1.0,[0 0 0 0 0 0 0 0],0.0
11.99945,9.0,111,0.0,8,8.0,[ 15 180  45 195 253 249  15 129],0.0
12.00035,9.0,101,0.0,1,1.0,[0 0 0 0 0 0 0 0],0.0
12.19745,9.0,111,0.0,8,8.0,[ 17 172 173  67 254 229 111 126],0.0
12.19835,9.0,101,0.0,1,1.0,[0 0 0 0 0 0 0 0],0.0
12.39545,9.0,111,0.0,8,8.0,[ 15 172  45  67   2 198  79 128],0.0
12.396099999999999,9.0,101,0.0,1,1.0,[0 0 0 0 0 0 0 0],0.0
12.593449999999999,9.0,111,0.0,8,8.0,[ 17 172  45  67   1 218  79 129],0.0
12.594249999999999,9.0,101,0.0,1,1.0,[0 0 0 0 0 0 0 0],0.0
12.79145,9.0,111,0.0,8,8.0,[ 15 172  77 195 242  29  80 130],0.0
12.79225,9.0,101,0.0,1,1.0,[0 0 0 0 0 0 0 0],0.0
12.98945,9.0,111,0.0,8,8.0,[ 17 164 109  67 249  25 112 129],0.0
12.990499999999999,9.0,101,0.0,1,1.0,[0 0 0 0 0 0 0 0],0.0
13.18745,9.0,111,0.0,8,8.0,[ 11 172 237  66 254  29 112 127],0.0
13.1883,9.0,101,0.0,1,1.0,[0 0 0 0 0 0 0 0],0.0
13.385449999999999,9.0,111,0.0,8,8.0,[ 13 172  77  67   5 234  79 126],0.0
13.386299999999999,9.0,101,0.0,1,1.0,[0 0 0 0 0 0 0 0],0.0
13.58345,9.0,111,0.0,8,8.0,[ 13 172  45  67 254 205  79 127],0.0
13.584349999999999,9.0,101,0.0,1,1.0,[0 0 0 0 0 0 0 0],0.0
13.78145,9.0,111,0.0,8,8.0,[ 13 172  77  67 255 237  79 128],0.0
13.78225,9.0,101,0.0,1,1.0,[0 0 0 0 0 0 0 0],0.0
13.97945,9.0,111,0.0,8,8.0,[ 15 164  45  67 255 249 111 128],0.0
13.98025,9.0,101,0.0,1,1.0,[0 0 0 0 0 0 0 0],0.0
14.1775,9.0,111,0.0,8,8.0,[ 13 180  45 195   0  18  16 127],0.0
14.1785,9.0,101,0.0,1,1.0,[0 0 0 0 0 0 0 0],0.0
14.375499999999999,9.0,111,0.0,8,8.0,[ 15 172  45 195 255 249  79 127],0.0
14.3765,9.0,101,0.0,1,1.0,[0 0 0 0 0 0 0 0],0.0
14.5735,9.0,111,0.0,8,8.0,[ 17 172  77  67   2 226 143 127],0.0
14.574349999999999,9.0,101,0.0,1,1.0,[0 0 0 0 0 0 0 0],0.0
14.7715,9.0,111,0.0,8,8.0,[ 13 180  77 195 255  17 240 128],0.0
14.772499999999999,9.0,101,0.0,1,1.0,[0 0 0 0 0 0 0 0],0.0
14.96965,9.0,111,0.0,8,8.0,[ 13 172  77  67   2 210 143 127],0.0
14.9705,9.0,101,0.0,1,1.0,[0 0 0 0 0 0 0 0],0.0
15.167499999999999,9.0,111,0.0,8,8.0,[ 17 172  77  67   2 222 143 128],0.0
15.168249999999999,9.0,101,0.0,1,1.0,[0 0 0 0 0 0 0 0],0.0
15.365499999999999,9.0,111,0.0,8,8.0,[ 17 164  77  67   4 242  15 128],0.0
15.366499999999998,9.0,101,0.0,1,1.0,[0 0 0 0 0 0 0 0],0.0
15.5635,9.0,111,0.0,8,8.0,[ 15 180 109  67 253  21 144 128],0.0
15.564499999999999,9.0,101,0.0,1,1.0,[0 0 0 0 0 0 0 0],0.0
15.7615,9.0,111,0.0,8,8.0,[ 15 172  77 195 249   9 144 127],0.0
15.76235,9.0,101,0.0,1,1.0,[0 0 0 0 0 0 0 0],0.0
15.959499999999998,9.0,111,0.0,8,8.0,[ 15 172  77  67 252   9 208 127],0.0
15.9605,9.0,101,0.0,1,1.0,[0 0 0 0 0 0 0 0],0.0
16.1575,9.0,111,0.0,8,8.0,[ 11 204  77  67 253 241  79 127],0.0
16.1585,9.0,101,0.0,1,1.0,[0 0 0 0 0 0 0 0],0.0
16.3555,9.0,111,0.0,8,8.0,[ 27 156 109 195 186  77 143 138],0.0
16.3565,9.0,101,0.0,1,1.0,[0 0 0 0 0 0 0 0],0.0
16.5535,9.0,111,0.0,8,8.0,[  9 172  45 194 213 233  48 126],0.0
16.5545,9.0,101,0.0,1,1.0,[0 0 0 0 0 0 0 0],0.0
16.7515,9.0,111,0.0,8,8.0,[  1 148 173  65  18 186  80 129],0.0
16.752499999999998,9.0,101,0.0,1,1.0,[0 0 0 0 0 0 0 0],0.0
16.9495,9.0,111,0.0,8,8.0,[  7 108 237 192  12  86 175 126],0.0
16.95055,9.0,101,0.0,1,1.0,[0 0 0 0 0 0 0 0],0.0
17.1475,9.0,111,0.0,8,8.0,[  7 196  77 194  16 198 207 125],0.0
17.14855,9.0,101,0.0,1,1.0,[0 0 0 0 0 0 0 0],0.0
17.345499999999998,9.0,111,0.0,8,8.0,[ 17  68  77  65 227 185  47 122],0.0
17.34655,9.0,101,0.0,1,1.0,[0 0 0 0 0 0 0 0],0.0
17.543499999999998,9.0,111,0.0,8,8.0,[ 15 140  13  66  32 138  15 132],0.0
17.54455,9.0,101,0.0,1,1.0,[0 0 0 0 0 0 0 0],0.0
17.7415,9.0,111,0.0,8,8.0,[ 23 188 237  66  38  90  80 127],0.0
17.7425,9.0,101,0.0,1,1.0,[0 0 0 0 0 0 0 0],0.0
17.940099999999997,9.0,111,0.0,8,8.0,[  9 180  77 194 253  49  79 125],0.0
17.94115,9.0,101,0.0,1,1.0,[0 0 0 0 0 0 0 0],0.0
18.1375,9.0,111,0.0,8,8.0,[ 25 172  77  67   6  70  48 124],0.0
18.1385,9.0,101,0.0,1,1.0,[0 0 0 0 0 0 0 0],0.0
18.335549999999998,9.0,111,0.0,8,8.0,[ 25  92  77 194 247 237  15 123],0.0
18.5338,9.0,101,0.0,1,1.0,[0 0 0 0 0 0 0 0],0.0
18.53495,9.0,111,0.0,8,8.0,[ 15 212  45  67  17 110  47 132],0.0
18.7318,9.0,101,0.0,1,1.0,[0 0 0 0 0 0 0 0],0.0
18.73295,9.0,111,0.0,8,8.0,[ 23 148  45 195 252  89 111 128],0.0
18.9298,9.0,101,0.0,1,1.0,[0 0 0 0 0 0 0 0],0.0
18.9311,9.0,111,0.0,8,8.0,[ 17 204  45  67 238 221 143 127],0.0
19.1278,9.0,101,0.0,1,1.0,[0 0 0 0 0 0 0 0],0.0
19.128999999999998,9.0,111,0.0,8,8.0,[ 23 164  13  67   4 202 175 127],0.0
19.325799999999997,9.0,101,0.0,1,1.0,[0 0 0 0 0 0 0 0],0.0
19.326999999999998,9.0,111,0.0,8,8.0,[ 21 164 173  66   4 246 239 127],0.0
19.523999999999997,9.0,101,0.0,1,1.0,[0 0 0 0 0 0 0 0],0.0
19.525,9.0,111,0.0,8,8.0,[ 23 172  45 195 251 241 207 127],0.0
19.721799999999998,9.0,101,0.0,1,1.0,[0 0 0 0 0 0 0 0],0.0
19.723,9.0,111,0.0,8,8.0,[ 21 172 205  66   0  46 176 128],0.0
19.9198,9.0,101,0.0,1,1.0,[0 0 0 0 0 0 0 0],0.0
19.92115,9.0,111,0.0,8,8.0,[ 21 172  13 195 253 253 239 127],0.0
20.1178,9.0,101,0.0,1,1.0,[0 0 0 0 0 0 0 0],0.0
20.119,9.0,111,0.0,8,8.0,[ 21 180 205 194   1 206  79 128],0.0
20.315849999999998,9.0,101,0.0,1,1.0,[0 0 0 0 0 0 0 0],0.0
20.317,9.0,111,0.0,8,8.0,[ 23 164 237 194 253 241 207 128],0.0
20.5138,9.0,101,0.0,1,1.0,[0 0 0 0 0 0 0 0],0.0
20.515,9.0,111,0.0,8,8.0,[ 23 172 237  66 249  13 176 127],0.0
20.712049999999998,9.0,101,0.0,1,1.0,[0 0 0 0 0 0 0 0],0.0
20.712999999999997,9.0,111,0.0,8,8.0,[ 21 172 205  66 251  13 176 127],0.0
20.9098,9.0,101,0.0,1,1.0,[0 0 0 0 0 0 0 0],0.0
20.91115,9.0,111,0.0,8,8.0,[ 23 156 173  66   3   6  16 127],0.0
21.10805,9.0,101,0.0,1,1.0,[0 0 0 0 0 0 0 0],0.0
21.108999999999998,9.0,111,0.0,8,8.0,[ 19 180 141  66   2   2  48 128],0.0
21.30605,9.0,101,0.0,1,1.0,[0 0 0 0 0 0 0 0],0.0
21.307,9.0,111,0.0,8,8.0,[ 21 180  13  67   4 210  47 127],0.0
21.5038,9.0,101,0.0,1,1.0,[0 0 0 0 0 0 0 0],0.0
21.505,9.0,111,0.0,8,8.0,[ 23 164 237  66   3 242 207 127],0.0
21.70185,9.0,101,0.0,1,1.0,[0 0 0 0 0 0 0 0],0.0
21.703,9.0,111,0.0,8,8.0,[ 21 172 173 194   0 194  79 127],0.0
21.90005,9.0,101,0.0,1,1.0,[0 0 0 0 0 0 0 0],0.0
21.901149999999998,9.0,111,0.0,8,8.0,[ 23 180 237  66   6 242 207 126],0.0
22.09805,9.0,101,0.0,1,1.0,[0 0 0 0 0 0 0 0],0.0
22.09905,9.0,111,0.0,8,8.0,[ 25 164 237  66   3 198 239 127],0.0
22.296049999999997,9.0,101,0.0,1,1.0,[0 0 0 0 0 0 0 0],0.0
22.29705,9.0,111,0.0,8,8.0,[ 23 188  13 195 255 225 143 127],0.0
22.494049999999998,9.0,101,0.0,1,1.0,[0 0 0 0 0 0 0 0],0.0
22.4952,9.0,111,0.0,8,8.0,[ 27 172 237  66   3 218 143 127],0.0
22.6921,9.0,101,0.0,1,1.0,[0 0 0 0 0 0 0 0],0.0
22.692999999999998,9.0,111,0.0,8,8.0,[ 27 180  45  67 255 245 239 127],0.0
22.88985,9.0,101,0.0,1,1.0,[0 0 0 0 0 0 0 0],0.0
22.89115,9.0,111,0.0,8,8.0,[ 27 180  45  67   1 250 207 127],0.0
23.08805,9.0,101,0.0,1,1.0,[0 0 0 0 0 0 0 0],0.0
23.089,9.0,111,0.0,8,8.0,[ 27 180  13 195 252   5 144 129],0.0
23.28605,9.0,101,0.0,1,1.0,[0 0 0 0 0 0 0 0],0.0
23.28705,9.0,111,0.0,8,8.0,[ 27 180  77 195 246  21  80 128],0.0
23.4836,9.0,111,0.0,8,8.0,[ 25 180  45  67   0 246 175 128],0.0
23.484199999999998,9.0,101,0.0,1,1.0,[0 0 0 0 0 0 0 0],0.0
23.68205,9.0,101,0.0,1,1.0,[0 0 0 0 0 0 0 0],0.0
23.683049999999998,9.0,111,0.0,8,8.0,[ 25 188  45  67 255 249  15 128],0.0
23.88005,9.0,101,0.0,1,1.0,[0 0 0 0 0 0 0 0],0.0
23.881149999999998,9.0,111,0.0,8,8.0,[ 29 164  77  67 251 253 207 126],0.0
24.078049999999998,9.0,101,0.0,1,1.0,[0 0 0 0 0 0 0 0],0.0
24.07905,9.0,111,0.0,8,8.0,[ 25 172 205  66   0  38  80 127],0.0
24.2761,9.0,101,0.0,1,1.0,[0 0 0 0 0 0 0 0],0.0
24.27705,9.0,111,0.0,8,8.0,[ 25 172 205 194 253 253  15 128],0.0
24.473599999999998,9.0,111,0.0,8,8.0,[ 25 188  45  67 252 225 175 127],0.0
24.474249999999998,9.0,101,0.0,1,1.0,[0 0 0 0 0 0 0 0],0.0
24.671599999999998,9.0,111,0.0,8,8.0,[ 27 180  13  67 253   9 112 128],0.0
24.67225,9.0,101,0.0,1,1.0,[0 0 0 0 0 0 0 0],0.0
24.870099999999997,9.0,101,0.0,1,1.0,[0 0 0 0 0 0 0 0],0.0
24.871199999999998,9.0,111,0.0,8,8.0,[ 27 164 237  66 250  13 176 127],0.0
25.068099999999998,9.0,101,0.0,1,1.0,[0 0 0 0 0 0 0 0],0.0
25.069049999999997,9.0,111,0.0,8,8.0,[ 17 196 141  66 248  17 240 127],0.0
25.265649999999997,9.0,111,0.0,8,8.0,[ 39 164  77 195   8 190  15 122],0.0
25.26625,9.0,101,0.0,1,1.0,[0 0 0 0 0 0 0 0],0.0
25.4641,9.0,101,0.0,1,1.0,[0 0 0 0 0 0 0 0],0.0
25.465049999999998,9.0,111,0.0,8,8.0,[ 33 180  13 195 246 193 208 125],0.0
25.6616,9.0,111,0.0,8,8.0,[ 25 188  13  67 251 145 240 126],0.0
25.66225,9.0,101,0.0,1,1.0,[0 0 0 0 0 0 0 0],0.0
25.8596,9.0,111,0.0,8,8.0,[ 25 180  13  67   3  18 240 127],0.0
25.860249999999997,9.0,101,0.0,1,1.0,[0 0 0 0 0 0 0 0],0.0
26.057599999999997,9.0,111,0.0,8,8.0,[ 31 156  13 195  10 162  79 132],0.0
26.058249999999997,9.0,101,0.0,1,1.0,[0 0 0 0 0 0 0 0],0.0
26.2561,9.0,101,0.0,1,1.0,[0 0 0 0 0 0 0 0],0.0
26.257099999999998,9.0,111,0.0,8,8.0,[ 25 132 109  67 228 121 207 131],0.0
26.453599999999998,9.0,111,0.0,8,8.0,[241  83 237  67   8 121 172 158],0.0
26.45425,9.0,101,0.0,1,1.0,[0 0 0 0 0 0 0 0],0.0
26.652099999999997,9.0,101,0.0,1,1.0,[0 0 0 0 0 0 0 0],0.0
26.6531,9.0,111,0.0,8,8.0,[ 21 204  14 191  89 152 179 165],0.0
26.84965,9.0,111,0.0,8,8.0,[219 227  15  56  14 133 243 133],0.0
26.850299999999997,9.0,101,0.0,1,1.0,[0 0 0 0 0 0 0 0],0.0
27.047649999999997,9.0,111,0.0,8,8.0,[243 115  80 177 146  49 209  94],0.0
27.048299999999998,9.0,101,0.0,1,1.0,[0 0 0 0 0 0 0 0],0.0
27.245649999999998,9.0,111,0.0,8,8.0,[ 35 140 144  55  88 150 183  71],0.0
27.246299999999998,9.0,101,0.0,1,1.0,[0 0 0 0 0 0 0 0],0.0
27.443649999999998,9.0,111,0.0,8,8.0,[215  99 176  54   1 159  19 114],0.0
27.44425,9.0,101,0.0,1,1.0,[0 0 0 0 0 0 0 0],0.0
27.64165,9.0,111,0.0,8,8.0,[215  67 208  55 245 177 111 141],0.0
27.642249999999997,9.0,101,0.0,1,1.0,[0 0 0 0 0 0 0 0],0.0
27.83965,9.0,111,0.0,8,8.0,[199 107  16  55   3 158 143 113],0.0
27.840249999999997,9.0,101,0.0,1,1.0,[0 0 0 0 0 0 0 0],0.0
28.03765,9.0,111,0.0,8,8.0,[179 171 144 183   6 130 176 120],0.0
28.0383,9.0,101,0.0,1,1.0,[0 0 0 0 0 0 0 0],0.0
28.23565,9.0,111,0.0,8,8.0,[187 131 112 183 252   1 144 124],0.0
28.2363,9.0,101,0.0,1,1.0,[0 0 0 0 0 0 0 0],0.0
28.43365,9.0,111,0.0,8,8.0,[189 155 144  55   3  50  48 127],0.0
28.4343,9.0,101,0.0,1,1.0,[0 0 0 0 0 0 0 0],0.0
28.631649999999997,9.0,111,0.0,8,8.0,[183 147 144  55 253 249  15 129],0.0
28.632399999999997,9.0,101,0.0,1,1.0,[0 0 0 0 0 0 0 0],0.0
28.829649999999997,9.0,111,0.0,8,8.0,[189 131 144 183   6  54 144 128],0.0
28.830299999999998,9.0,101,0.0,1,1.0,[0 0 0 0 0 0 0 0],0.0
29.027649999999998,9.0,111,0.0,8,8.0,[189 131 112  55   2  30 176 127],0.0
29.02855,9.0,101,0.0,1,1.0,[0 0 0 0 0 0 0 0],0.0
29.225649999999998,9.0,111,0.0,8,8.0,[189 139 112  55 255 253 207 127],0.0
29.2263,9.0,101,0.0,1,1.0,[0 0 0 0 0 0 0 0],0.0
29.42365,9.0,111,0.0,8,8.0,[189 139 112  55 255 241  15 128],0.0
29.4243,9.0,101,0.0,1,1.0,[0 0 0 0 0 0 0 0],0.0
29.62165,9.0,111,0.0,8,8.0,[189 139 112 183 252 229 239 127],0.0
29.6223,9.0,101,0.0,1,1.0,[0 0 0 0 0 0 0 0],0.0
29.81965,9.0,111,0.0,8,8.0,[187 139 112  55 250 225 175 126],0.0
29.820449999999997,9.0,101,0.0,1,1.0,[0 0 0 0 0 0 0 0],0.0
30.01765,9.0,111,0.0,8,8.0,[185 155 144  55 248 157 111 128],0.0
30.0183,9.0,101,0.0,1,1.0,[0 0 0 0 0 0 0 0],0.0
30.21565,9.0,111,0.0,8,8.0,[185 147 176 183 254 249  15 128],0.0
30.2165,9.0,101,0.0,1,1.0,[0 0 0 0 0 0 0 0],0.0
30.413649999999997,9.0,111,0.0,8,8.0,[185 147 176  55 254 241 239 127],0.0
30.41455,9.0,101,0.0,1,1.0,[0 0 0 0 0 0 0 0],0.0
30.611649999999997,9.0,111,0.0,8,8.0,[183 147 176  55   0 254 239 127],0.0
30.612299999999998,9.0,101,0.0,1,1.0,[0 0 0 0 0 0 0 0],0.0
30.809649999999998,9.0,111,0.0,8,8.0,[185 147 176 183 252 217 207 127],0.0
30.81045,9.0,101,0.0,1,1.0,[0 0 0 0 0 0 0 0],0.0
31.0077,9.0,111,0.0,8,8.0,[183 155 176  55   0  14 240 127],0.0
31.00845,9.0,101,0.0,1,1.0,[0 0 0 0 0 0 0 0],0.0
31.2057,9.0,111,0.0,8,8.0,[183 147 176  55 255 253 239 127],0.0
31.20645,9.0,101,0.0,1,1.0,[0 0 0 0 0 0 0 0],0.0
31.403699999999997,9.0,111,0.0,8,8.0,[185 147 176 183 253 245 175 127],0.0
31.404549999999997,9.0,101,0.0,1,1.0,[0 0 0 0 0 0 0 0],0.0
31.601699999999997,9.0,111,0.0,8,8.0,[183 155 176 183 255   5 240 127],0.0
31.602549999999997,9.0,101,0.0,1,1.0,[0 0 0 0 0 0 0 0],0.0
31.799699999999998,9.0,111,0.0,8,8.0,[183 155 144  55 255  21 240 127],0.0
31.8003,9.0,101,0.0,1,1.0,[0 0 0 0 0 0 0 0],0.0
31.9977,9.0,111,0.0,8,8.0,[185 147 176  55 255 249 207 127],0.0
31.99845,9.0,101,0.0,1,1.0,[0 0 0 0 0 0 0 0],0.0
32.195699999999995,9.0,111,0.0,8,8.0,[185 147 176  55 254 249 207 127],0.0
32.19645,9.0,101,0.0,1,1.0,[0 0 0 0 0 0 0 0],0.0
32.393699999999995,9.0,111,0.0,8,8.0,[183 155 176  55 252 221 239 127],0.0
32.39445,9.0,101,0.0,1,1.0,[0 0 0 0 0 0 0 0],0.0
32.591699999999996,9.0,111,0.0,8,8.0,[185 147 176  55   3  18 240 127],0.0
32.592549999999996,9.0,101,0.0,1,1.0,[0 0 0 0 0 0 0 0],0.0
32.789699999999996,9.0,111,0.0,8,8.0,[185 147 176  55 255 249 175 128],0.0
32.790549999999996,9.0,101,0.0,1,1.0,[0 0 0 0 0 0 0 0],0.0
32.9877,9.0,111,0.0,8,8.0,[185 147 176 183   1  26 240 127],0.0
32.98855,9.0,101,0.0,1,1.0,[0 0 0 0 0 0 0 0],0.0
33.1857,9.0,111,0.0,8,8.0,[183 155 144  55   0   6 240 127],0.0
33.186499999999995,9.0,101,0.0,1,1.0,[0 0 0 0 0 0 0 0],0.0
33.3837,9.0,111,0.0,8,8.0,[183 147 144  55 255 253 239 127],0.0
33.384499999999996,9.0,101,0.0,1,1.0,[0 0 0 0 0 0 0 0],0.0
33.5817,9.0,111,0.0,8,8.0,[183 147 176 183 254 253 239 127],0.0
33.582699999999996,9.0,101,0.0,1,1.0,[0 0 0 0 0 0 0 0],0.0
33.7797,9.0,111,0.0,8,8.0,[183 147 176 183 255   1 240 127],0.0
33.78075,9.0,101,0.0,1,1.0,[0 0 0 0 0 0 0 0],0.0
33.9777,9.0,111,0.0,8,8.0,[185 147 144  55 255 253 239 127],0.0
33.9786,9.0,101,0.0,1,1.0,[0 0 0 0 0 0 0 0],0.0
34.1757,9.0,111,0.0,8,8.0,[183 147 176 183 255 253 239 127],0.0
34.17655,9.0,101,0.0,1,1.0,[0 0 0 0 0 0 0 0],0.0
34.3737,9.0,111,0.0,8,8.0,[183 147 176 183 255   1 240 127],0.0
34.37475,9.0,101,0.0,1,1.0,[0 0 0 0 0 0 0 0],0.0
34.5717,9.0,111,0.0,8,8.0,[185 147 176 183 255   5 240 127],0.0
34.5725,9.0,101,0.0,1,1.0,[0 0 0 0 0 0 0 0],0.0
34.7697,9.0,111,0.0,8,8.0,[185 147 176  55 254 249 239 127],0.0
34.7707,9.0,101,0.0,1,1.0,[0 0 0 0 0 0 0 0],0.0
34.9677,9.0,111,0.0,8,8.0,[185 147 176 183 254   1 240 127],0.0
34.9687,9.0,101,0.0,1,1.0,[0 0 0 0 0 0 0 0],0.0
35.165749999999996,9.0,111,0.0,8,8.0,[185 147 144  55 255 249 239 127],0.0
35.166599999999995,9.0,101,0.0,1,1.0,[0 0 0 0 0 0 0 0],0.0
35.363749999999996,9.0,111,0.0,8,8.0,[185 147 144  55 255   5 240 127],0.0
35.36475,9.0,101,0.0,1,1.0,[0 0 0 0 0 0 0 0],0.0
35.561749999999996,9.0,111,0.0,8,8.0,[185 147 176 183 255   1 240 127],0.0
35.56275,9.0,101,0.0,1,1.0,[0 0 0 0 0 0 0 0],0.0
35.75975,9.0,111,0.0,8,8.0,[185 147 176 183 254 253 239 127],0.0
35.760549999999995,9.0,101,0.0,1,1.0,[0 0 0 0 0 0 0 0],0.0
35.95775,9.0,111,0.0,8,8.0,[185 147 144  55 255 249 239 127],0.0
35.958749999999995,9.0,101,0.0,1,1.0,[0 0 0 0 0 0 0 0],0.0
36.15575,9.0,111,0.0,8,8.0,[185 147 176 183 254 241 239 127],0.0
36.156749999999995,9.0,101,0.0,1,1.0,[0 0 0 0 0 0 0 0],0.0
36.35375,9.0,111,0.0,8,8.0,[183 147 144  55 255   1 240 127],0.0
36.354749999999996,9.0,101,0.0,1,1.0,[0 0 0 0 0 0 0 0],0.0
36.55175,9.0,111,0.0,8,8.0,[185 147 144  55 255 253 239 127],0.0
36.552749999999996,9.0,101,0.0,1,1.0,[0 0 0 0 0 0 0 0],0.0
36.74975,9.0,111,0.0,8,8.0,[185 147 176  55 255 253 239 127],0.0
36.75075,9.0,101,0.0,1,1.0,[0 0 0 0 0 0 0 0],0.0
36.94775,9.0,111,0.0,8,8.0,[185 147 176 183 254 249 239 127],0.0
36.94875,9.0,101,0.0,1,1.0,[0 0 0 0 0 0 0 0],0.0
37.14575,9.0,111,0.0,8,8.0,[185 147 144  55 255   1 240 127],0.0
37.14675,9.0,101,0.0,1,1.0,[0 0 0 0 0 0 0 0],0.0
37.34375,9.0,111,0.0,8,8.0,[185 147 144  55 255 253 239 127],0.0
37.34475,9.0,101,0.0,1,1.0,[0 0 0 0 0 0 0 0],0.0
37.54175,9.0,111,0.0,8,8.0,[185 147 144 183 254   1 240 127],0.0
37.54275,9.0,101,0.0,1,1.0,[0 0 0 0 0 0 0 0],0.0
37.73975,9.0,111,0.0,8,8.0,[185 147 176 183 254 249 239 127],0.0
37.740899999999996,9.0,101,0.0,1,1.0,[0 0 0 0 0 0 0 0],0.0
37.93775,9.0,111,0.0,8,8.0,[185 147 144 183 254 249 239 127],0.0
37.9388,9.0,101,0.0,1,1.0,[0 0 0 0 0 0 0 0],0.0
38.13575,9.0,111,0.0,8,8.0,[185 147 144  55 255 249 239 127],0.0
38.333999999999996,9.0,101,0.0,1,1.0,[0 0 0 0 0 0 0 0],0.0
38.3352,9.0,111,0.0,8,8.0,[185 147 144 183 255 249 239 127],0.0
38.53205,9.0,101,0.0,1,1.0,[0 0 0 0 0 0 0 0],0.0
38.5332,9.0,111,0.0,8,8.0,[183 147 144 183 255 253 239 127],0.0
38.73005,9.0,101,0.0,1,1.0,[0 0 0 0 0 0 0 0],0.0
38.731249999999996,9.0,111,0.0,8,8.0,[185 147 176  55 255 245 239 127],0.0
38.92805,9.0,101,0.0,1,1.0,[0 0 0 0 0 0 0 0],0.0
38.92935,9.0,111,0.0,8,8.0,[185 147 176 183 254 253 239 127],0.0
39.12605,9.0,101,0.0,1,1.0,[0 0 0 0 0 0 0 0],0.0
39.12725,9.0,111,0.0,8,8.0,[185 147 176  55 255 249 239 127],0.0
39.32405,9.0,101,0.0,1,1.0,[0 0 0 0 0 0 0 0],0.0
39.32525,9.0,111,0.0,8,8.0,[185 147 176 183 255   9 240 127],0.0
39.5223,9.0,101,0.0,1,1.0,[0 0 0 0 0 0 0 0],0.0
39.523199999999996,9.0,111,0.0,8,8.0,[183 147 144  55 254 245 239 127],0.0
39.72005,9.0,101,0.0,1,1.0,[0 0 0 0 0 0 0 0],0.0
39.721199999999996,9.0,111,0.0,8,8.0,[185 147 176 183 254 249 239 127],0.0
39.91805,9.0,101,0.0,1,1.0,[0 0 0 0 0 0 0 0],0.0
39.91935,9.0,111,0.0,8,8.0,[185 147 144 183 255 253 239 127],0.0
40.11605,9.0,101,0.0,1,1.0,[0 0 0 0 0 0 0 0],0.0
40.11725,9.0,111,0.0,8,8.0,[185 147 144 183 254 253 239 127],0.0
40.31425,9.0,101,0.0,1,1.0,[0 0 0 0 0 0 0 0],0.0
40.31525,9.0,111,0.0,8,8.0,[185 147 176  55 255   5 240 127],0.0
40.512049999999995,9.0,101,0.0,1,1.0,[0 0 0 0 0 0 0 0],0.0
40.51325,9.0,111,0.0,8,8.0,[185 147 144  55 255 253 239 127],0.0
40.7103,9.0,101,0.0,1,1.0,[0 0 0 0 0 0 0 0],0.0
40.71125,9.0,111,0.0,8,8.0,[185 147 176 183 254 253 239 127],0.0
40.908049999999996,9.0,101,0.0,1,1.0,[0 0 0 0 0 0 0 0],0.0
40.909349999999996,9.0,111,0.0,8,8.0,[185 147 144  55 255 253 239 127],0.0
41.106049999999996,9.0,101,0.0,1,1.0,[0 0 0 0 0 0 0 0],0.0
41.10725,9.0,111,0.0,8,8.0,[185 147 144 183 254 241 239 127],0.0
41.3043,9.0,101,0.0,1,1.0,[0 0 0 0 0 0 0 0],0.0
41.30525,9.0,111,0.0,8,8.0,[185 147 144  55 255   1 240 127],0.0
41.5023,9.0,101,0.0,1,1.0,[0 0 0 0 0 0 0 0],0.0
41.50325,9.0,111,0.0,8,8.0,[185 147 176 183 254 249 239 127],0.0
41.70005,9.0,101,0.0,1,1.0,[0 0 0 0 0 0 0 0],0.0
41.701249999999995,9.0,111,0.0,8,8.0,[185 147 176  55 255   1 240 127],0.0
41.8983,9.0,101,0.0,1,1.0,[0 0 0 0 0 0 0 0],0.0
41.8994,9.0,111,0.0,8,8.0,[185 147 144  55 255 253 239 127],0.0
42.0963,9.0,101,0.0,1,1.0,[0 0 0 0 0 0 0 0],0.0
42.097249999999995,9.0,111,0.0,8,8.0,[185 147 144 183 254 245 239 127],0.0
42.29405,9.0,101,0.0,1,1.0,[0 0 0 0 0 0 0 0],0.0
42.295249999999996,9.0,111,0.0,8,8.0,[185 147 176 183 254 245 239 127],0.0
42.4923,9.0,101,0.0,1,1.0,[0 0 0 0 0 0 0 0],0.0
42.493249999999996,9.0,111,0.0,8,8.0,[185 147 176  55 255   1 240 127],0.0
42.6903,9.0,101,0.0,1,1.0,[0 0 0 0 0 0 0 0],0.0
42.69125,9.0,111,0.0,8,8.0,[185 147 176  55 255 253 239 127],0.0
42.8878,9.0,111,0.0,8,8.0,[185 147 176  55 255 253 239 127],0.0
42.88845,9.0,101,0.0,1,1.0,[0 0 0 0 0 0 0 0],0.0
43.0863,9.0,101,0.0,1,1.0,[0 0 0 0 0 0 0 0],0.0
43.0873,9.0,111,0.0,8,8.0,[185 147 144  55 255 249 239 127],0.0
43.284299999999995,9.0,101,0.0,1,1.0,[0 0 0 0 0 0 0 0],0.0
43.2853,9.0,111,0.0,8,8.0,[185 147 144  55 255 253 239 127],0.0
43.482099999999996,9.0,101,0.0,1,1.0,[0 0 0 0 0 0 0 0],0.0
43.4833,9.0,111,0.0,8,8.0,[185 147 176 183 254 249 239 127],0.0
43.680299999999995,9.0,101,0.0,1,1.0,[0 0 0 0 0 0 0 0],0.0
43.68125,9.0,111,0.0,8,8.0,[185 147 144  55 255 253 239 127],0.0
43.87835,9.0,101,0.0,1,1.0,[0 0 0 0 0 0 0 0],0.0
43.87945,9.0,111,0.0,8,8.0,[185 147 144  55 254   1 240 127],0.0
44.075849999999996,9.0,111,0.0,8,8.0,[185 147 176  55   0 242 239 127],0.0
44.076499999999996,9.0,101,0.0,1,1.0,[0 0 0 0 0 0 0 0],0.0
44.2743,9.0,101,0.0,1,1.0,[0 0 0 0 0 0 0 0],0.0
44.2753,9.0,111,0.0,8,8.0,[185 147 144  55 255 253 239 127],0.0
44.4723,9.0,101,0.0,1,1.0,[0 0 0 0 0 0 0 0],0.0
44.473299999999995,9.0,111,0.0,8,8.0,[185 147 144 183 254   1 240 127],0.0
44.6703,9.0,101,0.0,1,1.0,[0 0 0 0 0 0 0 0],0.0
44.670449999999995,9.0,111,0.0,8,8.0,[185 147 144  55 254 245 239 127],0.0
44.8683,9.0,101,0.0,1,1.0,[0 0 0 0 0 0 0 0],0.0
44.8694,9.0,111,0.0,8,8.0,[185 147 144  55 255 253 239 127],0.0
45.0663,9.0,101,0.0,1,1.0,[0 0 0 0 0 0 0 0],0.0
45.067299999999996,9.0,111,0.0,8,8.0,[185 147 144  55 255   1 240 127],0.0
45.26385,9.0,111,0.0,8,8.0,[185 147 144 183 254 249 239 127],0.0
45.2645,9.0,101,0.0,1,1.0,[0 0 0 0 0 0 0 0],0.0
45.46185,9.0,111,0.0,8,8.0,[185 147 144  55 255   1 240 127],0.0
45.4625,9.0,101,0.0,1,1.0,[0 0 0 0 0 0 0 0],0.0
45.66035,9.0,101,0.0,1,1.0,[0 0 0 0 0 0 0 0],0.0
45.6613,9.0,111,0.0,8,8.0,[185 147 144  55 254 245 239 127],0.0
45.85785,9.0,111,0.0,8,8.0,[185 147 144  55 255 253 239 127],0.0
45.8585,9.0,101,0.0,1,1.0,[0 0 0 0 0 0 0 0],0.0
46.05585,9.0,111,0.0,8,8.0,[185 147 144 183 254 249 239 127],0.0
46.0565,9.0,101,0.0,1,1.0,[0 0 0 0 0 0 0 0],0.0
46.253899999999994,9.0,111,0.0,8,8.0,[185 147 144 183 254 249 239 127],0.0
46.2545,9.0,101,0.0,1,1.0,[0 0 0 0 0 0 0 0],0.0
46.45185,9.0,111,0.0,8,8.0,[185 147 144  55   0   2 240 127],0.0
46.45265,9.0,101,0.0,1,1.0,[0 0 0 0 0 0 0 0],0.0
46.64985,9.0,111,0.0,8,8.0,[185 147 144 183 253 245 239 127],0.0
46.65065,9.0,101,0.0,1,1.0,[0 0 0 0 0 0 0 0],0.0
46.84785,9.0,111,0.0,8,8.0,[185 147 176 183 254 245 239 127],0.0
46.8487,9.0,101,0.0,1,1.0,[0 0 0 0 0 0 0 0],0.0
47.045849999999994,9.0,111,0.0,8,8.0,[185 147 176  55 255 249 239 127],0.0
47.046749999999996,9.0,101,0.0,1,1.0,[0 0 0 0 0 0 0 0],0.0
47.243849999999995,9.0,111,0.0,8,8.0,[185 147 176 183 254 249 239 127],0.0
47.244749999999996,9.0,101,0.0,1,1.0,[0 0 0 0 0 0 0 0],0.0
47.441849999999995,9.0,111,0.0,8,8.0,[185 155 144 183 254 249 239 127],0.0
47.44265,9.0,101,0.0,1,1.0,[0 0 0 0 0 0 0 0],0.0
47.6399,9.0,111,0.0,8,8.0,[185 147 176  55 255 253 207 127],0.0
47.64065,9.0,101,0.0,1,1.0,[0 0 0 0 0 0 0 0],0.0
47.8379,9.0,111,0.0,8,8.0,[185 147 176  55 255 249 239 127],0.0
47.83865,9.0,101,0.0,1,1.0,[0 0 0 0 0 0 0 0],0.0
48.0359,9.0,111,0.0,8,8.0,[185 147 144  55 255   1 240 127],0.0
48.036899999999996,9.0,101,0.0,1,1.0,[0 0 0 0 0 0 0 0],0.0
48.2339,9.0,111,0.0,8,8.0,[185 147 176  55 254 249 239 127],0.0
48.23475,9.0,101,0.0,1,1.0,[0 0 0 0 0 0 0 0],0.0
48.4319,9.0,111,0.0,8,8.0,[185 147 144 183 254 253 239 127],0.0
48.43275,9.0,101,0.0,1,1.0,[0 0 0 0 0 0 0 0],0.0
48.6299,9.0,111,0.0,8,8.0,[185 155 176  55 255   1 240 127],0.0
48.6309,9.0,101,0.0,1,1.0,[0 0 0 0 0 0 0 0],0.0
48.8279,9.0,111,0.0,8,8.0,[185 147 176  55 254 253 207 127],0.0
48.828649999999996,9.0,101,0.0,1,1.0,[0 0 0 0 0 0 0 0],0.0
49.0259,9.0,111,0.0,8,8.0,[185 147 176 183 254 237 239 127],0.0
49.0269,9.0,101,0.0,1,1.0,[0 0 0 0 0 0 0 0],0.0
49.2239,9.0,111,0.0,8,8.0,[183 147 176  55 255 245 239 127],0.0
49.2249,9.0,101,0.0,1,1.0,[0 0 0 0 0 0 0 0],0.0
49.42225,9.0,111,0.0,8,8.0,[185 147 176  55 255 245 239 127],0.0
49.4229,9.0,101,0.0,1,1.0,[0 0 0 0 0 0 0 0],0.0
49.62005,9.0,111,0.0,8,8.0,[185 147 176  55 254 241 239 127],0.0
49.62065,9.0,101,0.0,1,1.0,[0 0 0 0 0 0 0 0],0.0
49.817899999999995,9.0,111,0.0,8,8.0,[183 147 176 183 254 241  15 128],0.0
49.8189,9.0,101,0.0,1,1.0,[0 0 0 0 0 0 0 0],0.0
50.015899999999995,9.0,111,0.0,8,8.0,[183 147 176  55 255   1 240 127],0.0
50.0167,9.0,101,0.0,1,1.0,[0 0 0 0 0 0 0 0],0.0
50.213899999999995,9.0,111,0.0,8,8.0,[183 155 144 183 255   5 240 127],0.0
50.2149,9.0,101,0.0,1,1.0,[0 0 0 0 0 0 0 0],0.0
50.411899999999996,9.0,111,0.0,8,8.0,[183 155 176  55 254 253 239 127],0.0
50.4129,9.0,101,0.0,1,1.0,[0 0 0 0 0 0 0 0],0.0
50.609899999999996,9.0,111,0.0,8,8.0,[183 155 176 183 255   9 240 127],0.0
50.610949999999995,9.0,101,0.0,1,1.0,[0 0 0 0 0 0 0 0],0.0
50.8079,9.0,111,0.0,8,8.0,[185 147 176  55   0  14 240 127],0.0
50.808949999999996,9.0,101,0.0,1,1.0,[0 0 0 0 0 0 0 0],0.0
51.0059,9.0,111,0.0,8,8.0,[185 155 144  55 252 253 111 127],0.0
51.006949999999996,9.0,101,0.0,1,1.0,[0 0 0 0 0 0 0 0],0.0
51.2039,9.0,111,0.0,8,8.0,[183 147 176  55 254 249  79 127],0.0
51.20495,9.0,101,0.0,1,1.0,[0 0 0 0 0 0 0 0],0.0
51.4019,9.0,111,0.0,8,8.0,[181 155 176  55 248 181 207 127],0.0
51.402899999999995,9.0,101,0.0,1,1.0,[0 0 0 0 0 0 0 0],0.0
51.5999,9.0,111,0.0,8,8.0,[183 155 240  55 254 245 143 127],0.0
51.600899999999996,9.0,101,0.0,1,1.0,[0 0 0 0 0 0 0 0],0.0
51.7979,9.0,111,0.0,8,8.0,[181 155 176  55 255 253 239 127],0.0
51.798899999999996,9.0,101,0.0,1,1.0,[0 0 0 0 0 0 0 0],0.0
51.99595,9.0,111,0.0,8,8.0,[181 163 208  55 255 253 239 127],0.0
51.997049999999994,9.0,101,0.0,1,1.0,[0 0 0 0 0 0 0 0],0.0
52.19395,9.0,111,0.0,8,8.0,[181 155 208  55   0 254 239 127],0.0
52.19495,9.0,101,0.0,1,1.0,[0 0 0 0 0 0 0 0],0.0
52.391949999999994,9.0,111,0.0,8,8.0,[181 155 176  55 255 249 239 127],0.0
52.590199999999996,9.0,101,0.0,1,1.0,[0 0 0 0 0 0 0 0],0.0
52.59155,9.0,111,0.0,8,8.0,[181 155 176 183 254 253 239 127],0.0
52.788199999999996,9.0,101,0.0,1,1.0,[0 0 0 0 0 0 0 0],0.0
52.78955,9.0,111,0.0,8,8.0,[181 155 176 183 255 253 239 127],0.0
52.9862,9.0,101,0.0,1,1.0,[0 0 0 0 0 0 0 0],0.0
52.9877,9.0,111,0.0,8,8.0,[181 155 176  55 255 249 239 127],0.0
53.1842,9.0,101,0.0,1,1.0,[0 0 0 0 0 0 0 0],0.0
53.18555,9.0,111,0.0,8,8.0,[181 155 208 183 254 245 239 127],0.0
53.3822,9.0,101,0.0,1,1.0,[0 0 0 0 0 0 0 0],0.0
53.38355,9.0,111,0.0,8,8.0,[181 155 208  55   0   2 240 127],0.0
53.5802,9.0,101,0.0,1,1.0,[0 0 0 0 0 0 0 0],0.0
53.58155,9.0,111,0.0,8,8.0,[181 155 208 183 254 249 239 127],0.0
53.77845,9.0,101,0.0,1,1.0,[0 0 0 0 0 0 0 0],0.0
53.77955,9.0,111,0.0,8,8.0,[181 155 208  55 253 225 207 127],0.0
53.97625,9.0,101,0.0,1,1.0,[0 0 0 0 0 0 0 0],0.0
53.9777,9.0,111,0.0,8,8.0,[181 163 208 183   0 254 207 127],0.0
54.1742,9.0,101,0.0,1,1.0,[0 0 0 0 0 0 0 0],0.0
54.175549999999994,9.0,111,0.0,8,8.0,[181 155 208  55 255 241 239 127],0.0
54.3722,9.0,101,0.0,1,1.0,[0 0 0 0 0 0 0 0],0.0
54.373549999999994,9.0,111,0.0,8,8.0,[181 155 240 183 254   5 240 127],0.0
54.57045,9.0,101,0.0,1,1.0,[0 0 0 0 0 0 0 0],0.0
54.571549999999995,9.0,111,0.0,8,8.0,[179 155 208  55 254 245 239 127],0.0
54.7682,9.0,101,0.0,1,1.0,[0 0 0 0 0 0 0 0],0.0
54.7696,9.0,111,0.0,8,8.0,[179 155 208 183 255 249 239 127],0.0
54.966449999999995,9.0,101,0.0,1,1.0,[0 0 0 0 0 0 0 0],0.0
54.9677,9.0,111,0.0,8,8.0,[181 155 208 183   0   6 240 127],0.0
55.1642,9.0,101,0.0,1,1.0,[0 0 0 0 0 0 0 0],0.0
55.1656,9.0,111,0.0,8,8.0,[181 155 208 183 255   1 240 127],0.0
55.362249999999996,9.0,101,0.0,1,1.0,[0 0 0 0 0 0 0 0],0.0
55.3636,9.0,111,0.0,8,8.0,[181 155 208 183 254 253 239 127],0.0
55.560449999999996,9.0,101,0.0,1,1.0,[0 0 0 0 0 0 0 0],0.0
55.5616,9.0,111,0.0,8,8.0,[181 155 208 183   0   2  16 128],0.0
55.758449999999996,9.0,101,0.0,1,1.0,[0 0 0 0 0 0 0 0],0.0
55.7596,9.0,111,0.0,8,8.0,[181 155 208 183 255   9 240 127],0.0
55.95645,9.0,101,0.0,1,1.0,[0 0 0 0 0 0 0 0],0.0
55.95775,9.0,111,0.0,8,8.0,[181 155 208  55 255  13 240 127],0.0
56.1545,9.0,101,0.0,1,1.0,[0 0 0 0 0 0 0 0],0.0
56.156,9.0,111,0.0,8,8.0,[183 155 208  55 255  13 240 127],0.0
56.3525,9.0,101,0.0,1,1.0,[0 0 0 0 0 0 0 0],0.0
56.3536,9.0,111,0.0,8,8.0,[183 155 176  55   0  14 240 127],0.0
56.55025,9.0,101,0.0,1,1.0,[0 0 0 0 0 0 0 0],0.0
56.5516,9.0,111,0.0,8,8.0,[183 155 208 183   0  14 208 127],0.0
56.74845,9.0,101,0.0,1,1.0,[0 0 0 0 0 0 0 0],0.0
56.7496,9.0,111,0.0,8,8.0,[183 155 176 183 254 245 239 127],0.0
56.94645,9.0,101,0.0,1,1.0,[0 0 0 0 0 0 0 0],0.0
56.9477,9.0,111,0.0,8,8.0,[183 155 176  55 255 249 239 127],0.0
57.144,9.0,111,0.0,8,8.0,[183 155 208 183 254 249  47 128],0.0
57.1446,9.0,101,0.0,1,1.0,[0 0 0 0 0 0 0 0],0.0
57.34245,9.0,101,0.0,1,1.0,[0 0 0 0 0 0 0 0],0.0
57.343599999999995,9.0,111,0.0,8,8.0,[181 155 176  55 255   1 240 127],0.0
57.540499999999994,9.0,101,0.0,1,1.0,[0 0 0 0 0 0 0 0],0.0
57.541599999999995,9.0,111,0.0,8,8.0,[183 155 176  55 255 241 239 127],0.0
57.738499999999995,9.0,101,0.0,1,1.0,[0 0 0 0 0 0 0 0],0.0
57.739599999999996,9.0,111,0.0,8,8.0,[181 155 176  55 254 225 207 127],0.0
57.936499999999995,9.0,101,0.0,1,1.0,[0 0 0 0 0 0 0 0],0.0
57.937749999999994,9.0,111,0.0,8,8.0,[181 155 208 183 252 197 207 127],0.0
58.134499999999996,9.0,101,0.0,1,1.0,[0 0 0 0 0 0 0 0],0.0
58.1356,9.0,111,0.0,8,8.0,[179 163 176  55 247 125  79 128],0.0
58.332,9.0,111,0.0,8,8.0,[177 163 240  55   0 186  47 128],0.0
58.332649999999994,9.0,101,0.0,1,1.0,[0 0 0 0 0 0 0 0],0.0
58.530499999999996,9.0,101,0.0,1,1.0,[0 0 0 0 0 0 0 0],0.0
58.5316,9.0,111,0.0,8,8.0,[183 155 176  55  11  90 176 130],0.0
58.7285,9.0,101,0.0,1,1.0,[0 0 0 0 0 0 0 0],0.0
58.7296,9.0,111,0.0,8,8.0,[197 107  16 183  43 178 209 129],0.0
58.92605,9.0,111,0.0,8,8.0,[195 131  48 183  32  34 241 140],0.0
58.92735,9.0,101,0.0,1,1.0,[0 0 0 0 0 0 0 0],0.0
59.1245,9.0,101,0.0,1,1.0,[0 0 0 0 0 0 0 0],0.0
59.12565,9.0,111,0.0,8,8.0,[207 115 240 182   1 254  15 129],0.0
59.3225,9.0,101,0.0,1,1.0,[0 0 0 0 0 0 0 0],0.0
59.32365,9.0,111,0.0,8,8.0,[207 115 240 182   0   6 176 128],0.0
59.519999999999996,9.0,111,0.0,8,8.0,[207 115 240 182   0   6 112 129],0.0
59.520649999999996,9.0,101,0.0,1,1.0,[0 0 0 0 0 0 0 0],0.0
59.717999999999996,9.0,111,0.0,8,8.0,[207 115 240  54   0   2 112 129],0.0
59.71865,9.0,101,0.0,1,1.0,[0 0 0 0 0 0 0 0],0.0
59.9165,9.0,101,0.0,1,1.0,[0 0 0 0 0 0 0 0],0.0
59.9178,9.0,111,0.0,8,8.0,[209 115 240  54   0   2  16 129],0.0
60.114,9.0,111,0.0,8,8.0,[207 123 240 182 255   1 176 129],0.0
60.11465,9.0,101,0.0,1,1.0,[0 0 0 0 0 0 0 0],0.0
60.31205,9.0,111,0.0,8,8.0,[209 115 240 182 255   1 112 128],0.0
60.3127,9.0,101,0.0,1,1.0,[0 0 0 0 0 0 0 0],0.0
60.5105,9.0,101,0.0,1,1.0,[0 0 0 0 0 0 0 0],0.0
60.5107,9.0,111,0.0,8,8.0,[209 123 240  54 255   1 144 129],0.0
60.70805,9.0,111,0.0,8,8.0,[211 123 240 182 255   1  48 129],0.0
60.7087,9.0,101,0.0,1,1.0,[0 0 0 0 0 0 0 0],0.0
60.90605,9.0,111,0.0,8,8.0,[209 123 240 182 255   1 208 128],0.0
60.9067,9.0,101,0.0,1,1.0,[0 0 0 0 0 0 0 0],0.0
61.104049999999994,9.0,111,0.0,8,8.0,[209 123 240 182 255   1 208 129],0.0
61.104699999999994,9.0,101,0.0,1,1.0,[0 0 0 0 0 0 0 0],0.0
61.302049999999994,9.0,111,0.0,8,8.0,[211 131 208  54 255   1  48 129],0.0
61.30265,9.0,101,0.0,1,1.0,[0 0 0 0 0 0 0 0],0.0
61.500049999999995,9.0,111,0.0,8,8.0,[211 131 240  54 255   1  80 129],0.0
61.50065,9.0,101,0.0,1,1.0,[0 0 0 0 0 0 0 0],0.0
61.698499999999996,9.0,101,0.0,1,1.0,[0 0 0 0 0 0 0 0],0.0
61.69865,9.0,111,0.0,8,8.0,[211 131 240  54 255 253 143 129],0.0
61.896049999999995,9.0,111,0.0,8,8.0,[213 131 240  54 255 253  47 129],0.0
61.896699999999996,9.0,101,0.0,1,1.0,[0 0 0 0 0 0 0 0],0.0
62.094049999999996,9.0,111,0.0,8,8.0,[213 131 240 182 254 249  79 129],0.0
62.094699999999996,9.0,101,0.0,1,1.0,[0 0 0 0 0 0 0 0],0.0
62.292049999999996,9.0,111,0.0,8,8.0,[213 139 208  54 255 253 239 128],0.0
62.292699999999996,9.0,101,0.0,1,1.0,[0 0 0 0 0 0 0 0],0.0
62.49005,9.0,111,0.0,8,8.0,[215 131 208  54 255   1 112 129],0.0
62.4907,9.0,101,0.0,1,1.0,[0 0 0 0 0 0 0 0],0.0
62.68805,9.0,111,0.0,8,8.0,[213 139 208  54 255   1 176 130],0.0
62.6887,9.0,101,0.0,1,1.0,[0 0 0 0 0 0 0 0],0.0
62.88605,9.0,111,0.0,8,8.0,[213 139 208 182 254 253 111 129],0.0
62.88695,9.0,101,0.0,1,1.0,[0 0 0 0 0 0 0 0],0.0
63.0841,9.0,111,0.0,8,8.0,[215 139 208 182 254 253 239 127],0.0
63.0847,9.0,101,0.0,1,1.0,[0 0 0 0 0 0 0 0],0.0
63.28205,9.0,111,0.0,8,8.0,[215 139 208  54 255 253 239 127],0.0
63.2827,9.0,101,0.0,1,1.0,[0 0 0 0 0 0 0 0],0.0
63.48005,9.0,111,0.0,8,8.0,[215 139 208  54 255 253 239 127],0.0
63.4807,9.0,101,0.0,1,1.0,[0 0 0 0 0 0 0 0],0.0
63.67805,9.0,111,0.0,8,8.0,[215 139 208  54 255 253 239 127],0.0
63.67885,9.0,101,0.0,1,1.0,[0 0 0 0 0 0 0 0],0.0
63.87605,9.0,111,0.0,8,8.0,[215 139 208  54 255 253 239 127],0.0
63.8767,9.0,101,0.0,1,1.0,[0 0 0 0 0 0 0 0],0.0
64.07405,9.0,111,0.0,8,8.0,[215 139 208  54 255 253 239 127],0.0
64.07495,9.0,101,0.0,1,1.0,[0 0 0 0 0 0 0 0],0.0
64.27205,9.0,111,0.0,8,8.0,[215 139 208  54 255 253 239 127],0.0
64.2727,9.0,101,0.0,1,1.0,[0 0 0 0 0 0 0 0],0.0
64.4701,9.0,111,0.0,8,8.0,[215 139 208  54 255 253 239 127],0.0
64.47075,9.0,101,0.0,1,1.0,[0 0 0 0 0 0 0 0],0.0
64.6681,9.0,111,0.0,8,8.0,[215 139 208  54 255 253 239 127],0.0
64.66884999999999,9.0,101,0.0,1,1.0,[0 0 0 0 0 0 0 0],0.0
64.8661,9.0,111,0.0,8,8.0,[215 139 208 182 255 253 239 127],0.0
64.86685,9.0,101,0.0,1,1.0,[0 0 0 0 0 0 0 0],0.0
65.0641,9.0,111,0.0,8,8.0,[215 139 208 182 254   1 176 128],0.0
65.06475,9.0,101,0.0,1,1.0,[0 0 0 0 0 0 0 0],0.0
65.2621,9.0,111,0.0,8,8.0,[215 139 208  54 255   1 208 128],0.0
65.26295,9.0,101,0.0,1,1.0,[0 0 0 0 0 0 0 0],0.0
65.4601,9.0,111,0.0,8,8.0,[215 139 208  54 255 249  47 128],0.0
65.46095,9.0,101,0.0,1,1.0,[0 0 0 0 0 0 0 0],0.0
65.65809999999999,9.0,111,0.0,8,8.0,[215 139 208  54 255 253 111 128],0.0
65.6587,9.0,101,0.0,1,1.0,[0 0 0 0 0 0 0 0],0.0
65.8561,9.0,111,0.0,8,8.0,[217 139 208  54 255   1 176 128],0.0
65.85685,9.0,101,0.0,1,1.0,[0 0 0 0 0 0 0 0],0.0
66.05409999999999,9.0,111,0.0,8,8.0,[215 139 208  54 255 253 143 128],0.0
66.05485,9.0,101,0.0,1,1.0,[0 0 0 0 0 0 0 0],0.0
66.2521,9.0,111,0.0,8,8.0,[215 147 208  54 255 253 143 128],0.0
66.2531,9.0,101,0.0,1,1.0,[0 0 0 0 0 0 0 0],0.0
66.45009999999999,9.0,111,0.0,8,8.0,[217 139 208 182 254 253  15 128],0.0
66.45094999999999,9.0,101,0.0,1,1.0,[0 0 0 0 0 0 0 0],0.0
66.6481,9.0,111,0.0,8,8.0,[217 139 208  54 255 253 239 127],0.0
66.649,9.0,101,0.0,1,1.0,[0 0 0 0 0 0 0 0],0.0
66.84609999999999,9.0,111,0.0,8,8.0,[217 139 208  54 255 253 239 127],0.0
66.84675,9.0,101,0.0,1,1.0,[0 0 0 0 0 0 0 0],0.0
67.0441,9.0,111,0.0,8,8.0,[217 139 208  54 255 253 239 127],0.0
67.0449,9.0,101,0.0,1,1.0,[0 0 0 0 0 0 0 0],0.0
67.24215,9.0,111,0.0,8,8.0,[217 139 208  54 255 253 239 127],0.0
67.24289999999999,9.0,101,0.0,1,1.0,[0 0 0 0 0 0 0 0],0.0
67.4401,9.0,111,0.0,8,8.0,[217 139 208  54 255 253 239 127],0.0
67.44115,9.0,101,0.0,1,1.0,[0 0 0 0 0 0 0 0],0.0
67.6381,9.0,111,0.0,8,8.0,[217 139 208  54 255 253 239 127],0.0
67.639,9.0,101,0.0,1,1.0,[0 0 0 0 0 0 0 0],0.0
67.8361,9.0,111,0.0,8,8.0,[217 139 208  54 255 253 239 127],0.0
67.837,9.0,101,0.0,1,1.0,[0 0 0 0 0 0 0 0],0.0
68.0341,9.0,111,0.0,8,8.0,[217 139 208  54 255 253 239 127],0.0
68.03515,9.0,101,0.0,1,1.0,[0 0 0 0 0 0 0 0],0.0
68.2321,9.0,111,0.0,8,8.0,[217 139 208 182 254 253 239 127],0.0
68.2329,9.0,101,0.0,1,1.0,[0 0 0 0 0 0 0 0],0.0
68.4301,9.0,111,0.0,8,8.0,[217 139 208  54 255 253 239 127],0.0
68.4309,9.0,101,0.0,1,1.0,[0 0 0 0 0 0 0 0],0.0
68.62814999999999,9.0,111,0.0,8,8.0,[217 139 208  54 255 253 239 127],0.0
68.62915,9.0,101,0.0,1,1.0,[0 0 0 0 0 0 0 0],0.0
68.82615,9.0,111,0.0,8,8.0,[217 139 208  54 255 253 111 128],0.0
68.82715,9.0,101,0.0,1,1.0,[0 0 0 0 0 0 0 0],0.0
69.02414999999999,9.0,111,0.0,8,8.0,[217 139 208  54 255 253  79 128],0.0
69.02499999999999,9.0,101,0.0,1,1.0,[0 0 0 0 0 0 0 0],0.0
69.22215,9.0,111,0.0,8,8.0,[217 147 208  54 255   1 112 128],0.0
69.22315,9.0,101,0.0,1,1.0,[0 0 0 0 0 0 0 0],0.0
69.42014999999999,9.0,111,0.0,8,8.0,[217 147 208 182 255 253  47 129],0.0
69.42115,9.0,101,0.0,1,1.0,[0 0 0 0 0 0 0 0],0.0
69.61815,9.0,111,0.0,8,8.0,[217 147 208  54 255 253 175 128],0.0
69.61895,9.0,101,0.0,1,1.0,[0 0 0 0 0 0 0 0],0.0
69.81615,9.0,111,0.0,8,8.0,[217 147 208  54 255 253  15 128],0.0
69.81715,9.0,101,0.0,1,1.0,[0 0 0 0 0 0 0 0],0.0
70.01415,9.0,111,0.0,8,8.0,[217 147 208  54 255 253 239 127],0.0
70.01514999999999,9.0,101,0.0,1,1.0,[0 0 0 0 0 0 0 0],0.0
70.21215,9.0,111,0.0,8,8.0,[217 147 208  54 255 253 239 127],0.0
70.213,9.0,101,0.0,1,1.0,[0 0 0 0 0 0 0 0],0.0
70.41015,9.0,111,0.0,8,8.0,[217 147 208  54 255 253 239 127],0.0
70.41114999999999,9.0,101,0.0,1,1.0,[0 0 0 0 0 0 0 0],0.0
70.60815,9.0,111,0.0,8,8.0,[217 147 208  54 255 253 239 127],0.0
70.60915,9.0,101,0.0,1,1.0,[0 0 0 0 0 0 0 0],0.0
70.80615,9.0,111,0.0,8,8.0,[217 147 208  54 255 253 239 127],0.0
70.80715,9.0,101,0.0,1,1.0,[0 0 0 0 0 0 0 0],0.0
71.00415,9.0,111,0.0,8,8.0,[217 147 208  54 255 253 239 127],0.0
71.00515,9.0,101,0.0,1,1.0,[0 0 0 0 0 0 0 0],0.0
71.20215,9.0,111,0.0,8,8.0,[217 147 208  54 255 253 239 127],0.0
71.20315,9.0,101,0.0,1,1.0,[0 0 0 0 0 0 0 0],0.0
71.4002,9.0,111,0.0,8,8.0,[217 147 208  54 255 253 239 127],0.0
71.4012,9.0,101,0.0,1,1.0,[0 0 0 0 0 0 0 0],0.0
71.59819999999999,9.0,111,0.0,8,8.0,[217 147 208  54 255 253 239 127],0.0
71.5992,9.0,101,0.0,1,1.0,[0 0 0 0 0 0 0 0],0.0
71.79615,9.0,111,0.0,8,8.0,[217 147 208  54 255 253 239 127],0.0
71.7972,9.0,101,0.0,1,1.0,[0 0 0 0 0 0 0 0],0.0
71.99414999999999,9.0,111,0.0,8,8.0,[217 147 208  54 255 253 239 127],0.0
71.99535,9.0,101,0.0,1,1.0,[0 0 0 0 0 0 0 0],0.0
72.19215,9.0,111,0.0,8,8.0,[217 147 208  54 255 253 239 127],0.0
72.39045,9.0,101,0.0,1,1.0,[0 0 0 0 0 0 0 0],0.0
72.3917,9.0,111,0.0,8,8.0,[217 147 208  54 255 253 239 127],0.0
72.58845,9.0,101,0.0,1,1.0,[0 0 0 0 0 0 0 0],0.0
72.5897,9.0,111,0.0,8,8.0,[217 147 208  54 255 253 239 127],0.0
72.78665,9.0,101,0.0,1,1.0,[0 0 0 0 0 0 0 0],0.0
72.7877,9.0,111,0.0,8,8.0,[217 147 208  54 255 253 239 127],0.0
72.98445,9.0,101,0.0,1,1.0,[0 0 0 0 0 0 0 0],0.0
72.98595,9.0,111,0.0,8,8.0,[217 147 208  54 255 253 239 127],0.0
73.18245,9.0,101,0.0,1,1.0,[0 0 0 0 0 0 0 0],0.0
73.1837,9.0,111,0.0,8,8.0,[217 147 208  54 255 253 239 127],0.0
73.38045,9.0,101,0.0,1,1.0,[0 0 0 0 0 0 0 0],0.0
73.3817,9.0,111,0.0,8,8.0,[217 147 208 182 254 253 239 127],0.0
73.57845,9.0,101,0.0,1,1.0,[0 0 0 0 0 0 0 0],0.0
73.5797,9.0,111,0.0,8,8.0,[217 147 208  54 255 253 239 127],0.0
73.77645,9.0,101,0.0,1,1.0,[0 0 0 0 0 0 0 0],0.0
73.7777,9.0,111,0.0,8,8.0,[217 147 208 182 254 253 239 127],0.0
73.97465,9.0,101,0.0,1,1.0,[0 0 0 0 0 0 0 0],0.0
73.97595,9.0,111,0.0,8,8.0,[217 147 208  54 255 253 239 127],0.0
74.17245,9.0,101,0.0,1,1.0,[0 0 0 0 0 0 0 0],0.0
74.17375,9.0,111,0.0,8,8.0,[217 147 208  54 255 253 239 127],0.0
74.3707,9.0,101,0.0,1,1.0,[0 0 0 0 0 0 0 0],0.0
74.37174999999999,9.0,111,0.0,8,8.0,[217 147 208  54 255 253 239 127],0.0
74.56869999999999,9.0,101,0.0,1,1.0,[0 0 0 0 0 0 0 0],0.0
74.56975,9.0,111,0.0,8,8.0,[217 147 208  54 255 253 239 127],0.0
74.7665,9.0,101,0.0,1,1.0,[0 0 0 0 0 0 0 0],0.0
74.76774999999999,9.0,111,0.0,8,8.0,[217 147 208  54 255 253 239 127],0.0
74.9645,9.0,101,0.0,1,1.0,[0 0 0 0 0 0 0 0],0.0
74.96594999999999,9.0,111,0.0,8,8.0,[217 147 208  54 255 253 239 127],0.0
75.1627,9.0,101,0.0,1,1.0,[0 0 0 0 0 0 0 0],0.0
75.16375,9.0,111,0.0,8,8.0,[217 147 208  54 255 253 239 127],0.0
75.3607,9.0,101,0.0,1,1.0,[0 0 0 0 0 0 0 0],0.0
75.36175,9.0,111,0.0,8,8.0,[217 147 208  54 255 253 239 127],0.0
75.5587,9.0,101,0.0,1,1.0,[0 0 0 0 0 0 0 0],0.0
75.55975,9.0,111,0.0,8,8.0,[217 147 208  54 255 253 239 127],0.0
75.7567,9.0,101,0.0,1,1.0,[0 0 0 0 0 0 0 0],0.0
75.75775,9.0,111,0.0,8,8.0,[217 147 208  54 255 253 239 127],0.0
75.95445,9.0,101,0.0,1,1.0,[0 0 0 0 0 0 0 0],0.0
75.95595,9.0,111,0.0,8,8.0,[217 147 208  54 255 253 239 127],0.0
76.1525,9.0,101,0.0,1,1.0,[0 0 0 0 0 0 0 0],0.0
76.15375,9.0,111,0.0,8,8.0,[217 147 208  54 255 253  79 128],0.0
76.3507,9.0,101,0.0,1,1.0,[0 0 0 0 0 0 0 0],0.0
76.35175,9.0,111,0.0,8,8.0,[217 147 208  54 255 253  47 128],0.0
76.5487,9.0,101,0.0,1,1.0,[0 0 0 0 0 0 0 0],0.0
76.54975,9.0,111,0.0,8,8.0,[219 147 208  54 255 253  47 128],0.0
76.74669999999999,9.0,101,0.0,1,1.0,[0 0 0 0 0 0 0 0],0.0
76.74775,9.0,111,0.0,8,8.0,[219 147 208 182 254 253 175 128],0.0
76.94475,9.0,101,0.0,1,1.0,[0 0 0 0 0 0 0 0],0.0
76.946,9.0,111,0.0,8,8.0,[219 147 208  54 255   1 176 128],0.0
77.14274999999999,9.0,101,0.0,1,1.0,[0 0 0 0 0 0 0 0],0.0
77.14375,9.0,111,0.0,8,8.0,[219 147 208  54 255 253  47 128],0.0
77.34075,9.0,101,0.0,1,1.0,[0 0 0 0 0 0 0 0],0.0
77.34174999999999,9.0,111,0.0,8,8.0,[219 147 208  54 255 253  47 128],0.0
77.53875,9.0,101,0.0,1,1.0,[0 0 0 0 0 0 0 0],0.0
77.53975,9.0,111,0.0,8,8.0,[219 147 208  54 255 253 239 127],0.0
77.7367,9.0,101,0.0,1,1.0,[0 0 0 0 0 0 0 0],0.0
77.73774999999999,9.0,111,0.0,8,8.0,[251 219  48 182  76 190 111  66],0.0
77.93424999999999,9.0,111,0.0,8,8.0,[181 163 112  53 225   1 224 157],0.0
77.9349,9.0,101,0.0,1,1.0,[0 0 0 0 0 0 0 0],0.0
78.1327,9.0,101,0.0,1,1.0,[0 0 0 0 0 0 0 0],0.0
78.1338,9.0,111,0.0,8,8.0,[ 89 179  15 197 161   1   0 113],0.0
78.33075,9.0,101,0.0,1,1.0,[0 0 0 0 0 0 0 0],0.0
78.3318,9.0,111,0.0,8,8.0,[163 139 144  74 211  73 167 118],0.0
78.5287,9.0,101,0.0,1,1.0,[0 0 0 0 0 0 0 0],0.0
78.5298,9.0,111,0.0,8,8.0,[251 171 175  73  95 241   6 126],0.0
78.72675,9.0,101,0.0,1,1.0,[0 0 0 0 0 0 0 0],0.0
78.7278,9.0,111,0.0,8,8.0,[245 235 206  70 131  25  76 136],0.0
78.92425,9.0,111,0.0,8,8.0,[223 235 237 195 109   5 145 132],0.0
78.9249,9.0,101,0.0,1,1.0,[0 0 0 0 0 0 0 0],0.0
79.12225,9.0,111,0.0,8,8.0,[255 187 237 196 200 117  16 129],0.0
79.1229,9.0,101,0.0,1,1.0,[0 0 0 0 0 0 0 0],0.0
79.32074999999999,9.0,101,0.0,1,1.0,[0 0 0 0 0 0 0 0],0.0
79.3218,9.0,111,0.0,8,8.0,[ 43 148  78  73 188  39 170  88],0.0
79.51875,9.0,101,0.0,1,1.0,[0 0 0 0 0 0 0 0],0.0
79.51979999999999,9.0,111,0.0,8,8.0,[ 81  20 143  73 167 201 106 141],0.0
79.71629999999999,9.0,111,0.0,8,8.0,[ 57  76  14  69 248  40  16 139],0.0
79.7169,9.0,101,0.0,1,1.0,[0 0 0 0 0 0 0 0],0.0
79.91475,9.0,101,0.0,1,1.0,[0 0 0 0 0 0 0 0],0.0
79.91664999999999,9.0,111,0.0,8,8.0,[ 45 228  77 196 196 141  15 132],0.0
80.11225,9.0,111,0.0,8,8.0,[ 43 188  13  67 215 125 240 132],0.0
80.1129,9.0,101,0.0,1,1.0,[0 0 0 0 0 0 0 0],0.0
80.31025,9.0,111,0.0,8,8.0,[ 37 180 109 194   7  94  48 126],0.0
80.31089999999999,9.0,101,0.0,1,1.0,[0 0 0 0 0 0 0 0],0.0
80.50824999999999,9.0,111,0.0,8,8.0,[ 31 196 109  66 110  58 241 128],0.0
80.5089,9.0,101,0.0,1,1.0,[0 0 0 0 0 0 0 0],0.0
80.70675,9.0,101,0.0,1,1.0,[0 0 0 0 0 0 0 0],0.0
80.70689999999999,9.0,111,0.0,8,8.0,[ 23 228 109  69  74 222  17 136],0.0
80.90424999999999,9.0,111,0.0,8,8.0,[ 19 220 109 198   0 218  15 125],0.0
80.9049,9.0,101,0.0,1,1.0,[0 0 0 0 0 0 0 0],0.0
81.10275,9.0,101,0.0,1,1.0,[0 0 0 0 0 0 0 0],0.0
81.1039,9.0,111,0.0,8,8.0,[ 31 220 109 197  27 182  80 125],0.0
81.3003,9.0,111,0.0,8,8.0,[  1  92  46  70  17 226  46 114],0.0
81.30095,9.0,101,0.0,1,1.0,[0 0 0 0 0 0 0 0],0.0
81.4983,9.0,111,0.0,8,8.0,[ 33  52 238 198 216  17  79 126],0.0
81.49895,9.0,101,0.0,1,1.0,[0 0 0 0 0 0 0 0],0.0
81.6963,9.0,111,0.0,8,8.0,[ 35  52  14 198   7  46 112 130],0.0
81.69695,9.0,101,0.0,1,1.0,[0 0 0 0 0 0 0 0],0.0
81.8943,9.0,111,0.0,8,8.0,[ 31  84  78  70  12  26  82 116],0.0
81.89495,9.0,101,0.0,1,1.0,[0 0 0 0 0 0 0 0],0.0
82.0923,9.0,111,0.0,8,8.0,[ 49  36 142  70  24  66 146 104],0.0
82.09295,9.0,101,0.0,1,1.0,[0 0 0 0 0 0 0 0],0.0
82.2903,9.0,111,0.0,8,8.0,[ 39 156 110  71  68  90  17 133],0.0
82.29115,9.0,101,0.0,1,1.0,[0 0 0 0 0 0 0 0],0.0
82.4883,9.0,111,0.0,8,8.0,[ 25 140 206  71  34  74 208 116],0.0
82.48895,9.0,101,0.0,1,1.0,[0 0 0 0 0 0 0 0],0.0
82.6863,9.0,111,0.0,8,8.0,[ 33 188  46 200 201 165  46 118],0.0
82.68695,9.0,101,0.0,1,1.0,[0 0 0 0 0 0 0 0],0.0
82.8843,9.0,111,0.0,8,8.0,[ 43 148  14 200 162 249 239 131],0.0
82.88494999999999,9.0,101,0.0,1,1.0,[0 0 0 0 0 0 0 0],0.0
83.08229999999999,9.0,111,0.0,8,8.0,[ 41 124  14 199 251 209  46 130],0.0
83.0831,9.0,101,0.0,1,1.0,[0 0 0 0 0 0 0 0],0.0
83.2803,9.0,111,0.0,8,8.0,[ 47 100 238 198 244  25 143 129],0.0
83.28094999999999,9.0,101,0.0,1,1.0,[0 0 0 0 0 0 0 0],0.0
83.47829999999999,9.0,111,0.0,8,8.0,[ 57 100  14  70 207 197 238 127],0.0
83.47919999999999,9.0,101,0.0,1,1.0,[0 0 0 0 0 0 0 0],0.0
83.6763,9.0,111,0.0,8,8.0,[ 57  12 238  68 187 141  14 116],0.0
83.6772,9.0,101,0.0,1,1.0,[0 0 0 0 0 0 0 0],0.0
83.87434999999999,9.0,111,0.0,8,8.0,[ 73  12 206  67  31 194 141 125],0.0
83.87495,9.0,101,0.0,1,1.0,[0 0 0 0 0 0 0 0],0.0
84.07235,9.0,111,0.0,8,8.0,[ 89  20  46 196 216 201 142 134],0.0
84.07294999999999,9.0,101,0.0,1,1.0,[0 0 0 0 0 0 0 0],0.0
84.27029999999999,9.0,111,0.0,8,8.0,[ 79  36 142 194  59  37 239 157],0.0
84.27109999999999,9.0,101,0.0,1,1.0,[0 0 0 0 0 0 0 0],0.0
84.4683,9.0,111,0.0,8,8.0,[ 53 188  77  64 207  21  79 139],0.0
84.4691,9.0,101,0.0,1,1.0,[0 0 0 0 0 0 0 0],0.0
84.66629999999999,9.0,111,0.0,8,8.0,[ 49 172 141  64  50 158  17 127],0.0
84.6672,9.0,101,0.0,1,1.0,[0 0 0 0 0 0 0 0],0.0
84.8643,9.0,111,0.0,8,8.0,[ 49 236 109  67 138  22 210 116],0.0
84.8652,9.0,101,0.0,1,1.0,[0 0 0 0 0 0 0 0],0.0
85.0623,9.0,111,0.0,8,8.0,[ 61  52 110 197 143  90 175 115],0.0
85.06295,9.0,101,0.0,1,1.0,[0 0 0 0 0 0 0 0],0.0
85.26035,9.0,111,0.0,8,8.0,[ 73  84 174 197  84 231 142 112],0.0
85.2611,9.0,101,0.0,1,1.0,[0 0 0 0 0 0 0 0],0.0
85.45835,9.0,111,0.0,8,8.0,[ 77 212 239 201 238  81 208 121],0.0
85.45909999999999,9.0,101,0.0,1,1.0,[0 0 0 0 0 0 0 0],0.0
85.65634999999999,9.0,111,0.0,8,8.0,[ 65 188 207 200 115 177 111 135],0.0
85.6571,9.0,101,0.0,1,1.0,[0 0 0 0 0 0 0 0],0.0
85.85435,9.0,111,0.0,8,8.0,[ 57 196 238  72 154  49 114 118],0.0
85.8552,9.0,101,0.0,1,1.0,[0 0 0 0 0 0 0 0],0.0
86.05234999999999,9.0,111,0.0,8,8.0,[ 53 220 206 199 184 197 111 137],0.0
86.05319999999999,9.0,101,0.0,1,1.0,[0 0 0 0 0 0 0 0],0.0
86.25035,9.0,111,0.0,8,8.0,[ 51 180 110 199  24 250  50 140],0.0
86.2512,9.0,101,0.0,1,1.0,[0 0 0 0 0 0 0 0],0.0
86.44834999999999,9.0,111,0.0,8,8.0,[ 41 172  78 199  42 186 208 123],0.0
86.44915,9.0,101,0.0,1,1.0,[0 0 0 0 0 0 0 0],0.0
86.64635,9.0,111,0.0,8,8.0,[ 51 164 206 199 219  25  15 134],0.0
86.64715,9.0,101,0.0,1,1.0,[0 0 0 0 0 0 0 0],0.0
86.84434999999999,9.0,111,0.0,8,8.0,[ 47 156 142  71  40 178  16 144],0.0
86.8451,9.0,101,0.0,1,1.0,[0 0 0 0 0 0 0 0],0.0
87.04235,9.0,111,0.0,8,8.0,[ 37  20 143  70  76 138 240 146],0.0
87.04334999999999,9.0,101,0.0,1,1.0,[0 0 0 0 0 0 0 0],0.0
87.24034999999999,9.0,111,0.0,8,8.0,[249 227  13  73 246 221  79 123],0.0
87.24119999999999,9.0,101,0.0,1,1.0,[0 0 0 0 0 0 0 0],0.0
87.43835,9.0,111,0.0,8,8.0,[ 37  12 175  71   3 106  78 133],0.0
87.43925,9.0,101,0.0,1,1.0,[0 0 0 0 0 0 0 0],0.0
87.63635,9.0,111,0.0,8,8.0,[ 43  44  15  73 214 137 144 136],0.0
87.63714999999999,9.0,101,0.0,1,1.0,[0 0 0 0 0 0 0 0],0.0
87.8351,9.0,101,0.0,1,1.0,[0 0 0 0 0 0 0 0],0.0
87.8364,9.0,111,0.0,8,8.0,[ 39 172  78  70 248 253 239 138],0.0
88.0324,9.0,111,0.0,8,8.0,[ 39 236 174  72  10   6  47 136],0.0
88.03314999999999,9.0,101,0.0,1,1.0,[0 0 0 0 0 0 0 0],0.0
88.2304,9.0,111,0.0,8,8.0,[ 33 140 238 199  16  66 207 128],0.0
88.2314,9.0,101,0.0,1,1.0,[0 0 0 0 0 0 0 0],0.0
88.4284,9.0,111,0.0,8,8.0,[ 43 188  14  72 235 197 143 123],0.0
88.42925,9.0,101,0.0,1,1.0,[0 0 0 0 0 0 0 0],0.0
88.62635,9.0,111,0.0,8,8.0,[ 11  92 206  72 245 201 239 130],0.0
88.62724999999999,9.0,101,0.0,1,1.0,[0 0 0 0 0 0 0 0],0.0
88.82435,9.0,111,0.0,8,8.0,[ 39 188  14  72  16 238 175 126],0.0
88.8254,9.0,101,0.0,1,1.0,[0 0 0 0 0 0 0 0],0.0
89.02235,9.0,111,0.0,8,8.0,[ 43 180 206  71 243  81 240 124],0.0
89.02315,9.0,101,0.0,1,1.0,[0 0 0 0 0 0 0 0],0.0
89.22035,9.0,111,0.0,8,8.0,[ 43 172  14 200   3 234  47 122],0.0
89.22135,9.0,101,0.0,1,1.0,[0 0 0 0 0 0 0 0],0.0
89.41839999999999,9.0,111,0.0,8,8.0,[ 49 204  78 200 255 229 175 134],0.0
89.41935,9.0,101,0.0,1,1.0,[0 0 0 0 0 0 0 0],0.0
89.6164,9.0,111,0.0,8,8.0,[ 37 164 206  71  24 174 239 133],0.0
89.61739999999999,9.0,101,0.0,1,1.0,[0 0 0 0 0 0 0 0],0.0
89.81439999999999,9.0,111,0.0,8,8.0,[ 25 140 110 199 195 209 207 127],0.0
89.8154,9.0,101,0.0,1,1.0,[0 0 0 0 0 0 0 0],0.0
